bait,prey,adj.P.Val,logFC
Ace2,Taf9,0.00517916769329811,1.83217585078249
Ace2,Taf12,0.000930078902355973,2.85422260380908
Ace2,Yaf9,4.42162337584515e-13,4.84733995609927
Ace2,Gcn5,0.00011551783597042,2.4568348982575
Ace2,Tra2,0.00000517409949731557,6.05058611535347
Ace2,Bbc1,0.0381535547492025,1.84654752998156
Ace2,Pda1,0.022252776404576,1.92767063472627
Ace2,Png1,4.42162337584515e-13,5.88687042917249
Ace2,Spt20,0.0000022957494516707,3.24943788069857
Ace2,Cmb1,0.0424402720920592,1.24181178927009
Ace2,Mst1,0.00000000135018721935699,4.36241914278243
Ace2,Eaf6,0.0307049709546835,2.1812711290875
Ace2,Idp1,0.0136998103844463,2.4809421183567
Ace2,Swc4,4.72813221131135e-11,5.54758238340359
Ace2,Eaf7,0.0000000552000253451075,3.36298497988715
Ace2,Bdc1,0.00000403210693230896,4.02681860911455
Ace2,Taf10,0.0000686779369731589,2.74507145498408
Ace2,Ngg1,0.000010373497756609,2.79357921072416
Ace2,Pdb1,0.0136998103844463,2.72101157685648
Ace2,Sre2,0.0460732503578947,2.45025353361425
Ace2,Tra1,0.0000000161551442981247,3.58565743504482
Ace2,Alp5,0.000376310928985177,1.8111323831166
Ace2,Bio2,0.0478575921579044,2.18324072567071
Ace2,Taf6,0.000243719663102831,3.06025375068841
Ace2,Vid21,4.72813221131135e-11,5.7568622202162
Ace2,Taf5,0.000926760529081557,2.5846135520113
Ace2,Lat1,0.00320623988339247,4.33484208048202
Ace2,Epl1,4.72813221131135e-11,5.54304840883551
Cdc10,Res2,0.00000366399858440936,7.91689728459603
Cdc10,Nrm1,0.00000946509766605625,6.94004031760515
Cdc10,Rps21,0.0326429405100229,1.34790006079208
Cdc10,Yox1,0.00000946509766605625,7.60621785213081
Cdc10,Res1,0.00000386839850693714,9.29288038220861
Cuf1,Rxt3,0.0354104400919854,1.98277322002528
Deb1,Reb1,0.000252135281499103,4.19082256928167
Deb1,Irc3,0.000164538748639002,5.54041874758011
Deb1,Smd3,0.0106558868714452,2.25348946718249
Deb1,Lsm1,0.0363322091760851,2.60668519817673
Deb1,Mcm2,0.0197895685363527,3.55729681358672
Deb1,Rpl1601,0.000608466473712527,5.71368010375793
Deb1,Rpl1902,0.00657860591122291,3.50467135528284
Esc1,Rpl29,0.0014598662282755,4.47253900428816
Esc1,Rpl1601,0.00100438264557978,6.00676073322538
Fep1,Grx4,0.000116942750335,3.45922925379318
Fep1,Rpl29,0.00686784464436988,4.058993924752
Fep1,Rpl1902,0.00686784464436988,3.78993258050823
Fhl1,Rpl3202,0.0468278043293311,4.08993864803937
Fhl1,Lsb4,0.0127281511481597,2.12716367737189
Fhl1,Rps401,0.00298704001225979,6.29531904661707
Fhl1,Rpl29,0.0127281511481597,3.88702525198526
Fhl1,Rpl1601,0.000986352905480365,6.01048602508406
Fhl1,Rpl1902,0.0134461782111452,3.56521838580574
Fhl1,Cbc3,0.00298704001225979,2.74790190613373
Fil1,Rpl29,0.00152240071287312,4.54065524311712
Fil1,Rpl1601,0.00359270514394328,5.59242901933181
Fkh2,Erg11,0.00522658458207682,2.54287197455311
Fkh2,Vtc2,0.00316851687984102,1.9444504915413
Fkh2,Laf1,2.78476694858837e-21,6.36557324687307
Fkh2,Atp1,0.000101638592728041,3.03642121078419
Fkh2,Png3,9.29058381704994e-16,4.66310771543436
Fkh2,Nhp2,0.00000160971944453225,2.63016536515177
Fkh2,Gus1,0.00337483458503899,3.4106422248504
Fkh2,Slt1,0.0000028156198889721,2.91174814561621
Fkh2,Pdi2,0.000156097566701726,2.33516344421691
Fkh2,Erg5,0.0219314166990069,1.48192779302513
Fkh2,Has1,0.0196681080652736,2.25528333901537
Fkh2,Atp2,0.0081207311538539,2.76308063266978
Fkh2,Lys3,0.000156097566701726,4.26033033319591
Fkh2,Tef103,0.017371821994065,1.75999905080447
Fkh2,Cdb4,0.000000628645567755826,2.96991119069625
Fkh2,Sds3,4.47263574124252e-24,7.89716600126916
Fkh2,Lrs1,4.65840386592565e-13,6.31207007863892
Fkh2,Tif51,0.000142083170177547,3.35159196017265
Fkh2,Ani2,0.0348102902282319,1.89795743952673
Fkh2,SPAC29A4.02c,0.00319662007726557,5.79391804917974
Fkh2,Prw1,5.05195517937504e-12,7.31596910858911
Fkh2,Tif5,0.043015904456528,2.6097552576378
Fkh2,Abc4,0.0399212298229028,1.74985461371574
Fkh2,Asc1,0.0219314166990069,3.06081866322948
Fkh2,Tif212,0.0267234858431408,2.74838513205476
Fkh2,Elf1,0.000000210457878404114,3.42921376455256
Fkh2,Grs1,0.000000000555454851471354,3.64883041487394
Fkh2,Sum1,0.0137334192177176,1.57340404439781
Fkh2,Pyk1,0.0162196588344219,2.13858239083634
Fkh2,Eft202,0.00195806557260063,2.99751089197389
Fkh2,Tif52,0.000233038413107202,3.15814518151651
Fkh2,Mug165,7.6365912376192e-15,4.4145036180764
Fkh2,SPAC694.02,0.000719454639202596,3.0085171359988
Fkh2,Tom70,0.0382734123506033,2.58065237654677
Fkh2,Tom20,0.0158357437171886,1.96148723189395
Fkh2,Idp1,0.0000138010983600317,2.24688624801722
Fkh2,Rpa34,0.000156097566701726,2.39031583054197
Fkh2,Naa25,0.0000186890766972152,2.89193594688844
Fkh2,Spi1,0.0343234771693537,2.33450557990687
Fkh2,Pst1,1.96699137522767e-29,9.1265473734278
Fkh2,Ani1,0.0350092283166699,2.55086001274195
Fkh2,Fma2,0.0000565001781560808,2.51117083772396
Fkh2,Rli1,0.0460797892503822,2.26692757043676
Fkh2,Cti6,1.06919341954045e-15,4.99792882875246
Fkh2,SPBC16H5.08c,0.00183981707221192,3.54936002811579
Fkh2,Vrs1,9.29058381704994e-16,4.69608591456998
Fkh2,Png2,1.00230277450495e-14,4.21647218296956
Fkh2,Pst3,2.28183325129924e-35,8.25408912570938
Fkh2,Nrs1,0.00000534283859060467,5.41422634763467
Fkh2,Rar1,0.000188584864609995,2.92888215279384
Fkh2,Dbp3,0.000000545754181990466,2.85009822014183
Fkh2,Krs1,0.0000000244447268555383,5.24462295934779
Fkh2,Fba1,0.00395340180491994,2.52810380278436
Fkh2,Prs1,0.0104140640039784,2.62267307795321
Fkh2,Ppp1,0.0433451761275728,2.09241249629129
Fkh2,Dep1,1.51605667324148e-15,5.08407281199771
Fkh2,Trs1,0.00914370774878363,1.68564988336194
Fkh2,Tif11,0.000015774535057156,2.38339545642659
Fkh2,Grn1,0.0070823374727056,2.3344935601766
Fkh2,Gua1,0.00000000190804247501637,3.56724943282399
Fkh2,Hrs1,0.00000435523290814307,2.66966461395644
Fkh2,Clr6,3.85546753080372e-11,7.09327241621519
Fkh2,Rxt2,1.12601528421563e-18,5.36328888030414
Fkh2,Eif21,0.000000000275842721331796,5.90139472987973
Fkh2,Nop2,0.00000912763225923903,3.03508383913068
Fkh2,Drs1,0.00016228198586525,3.60376262292942
Fkh2,Dfr1,0.0433451761275728,2.48507324763173
Fkh2,Rxt3,2.10275158457566e-19,6.00168298965576
Fkh2,Vtc4,0.000000773427409517901,3.29561545442258
Fkh2,Rpb3,0.0353992646456384,2.02039702205134
Fkh2,Tef5,0.0000000164238005731733,3.55294155645711
Fkh2,Yrs1,0.000480155382760567,3.38036208175476
Fkh2,Nts1,7.92406345999722e-14,4.74769350861518
Fkh2,Naa15,0.0000785417846163936,2.45356415035037
Fkh2,Nap1,0.000142083170177547,2.15293820893885
Fkh2,Tef3,0.000000706691761946561,2.45685946781543
Fkh2,SPCC825.01,0.0000689204130762362,3.06193226178788
Fkh2,SPCPB1C11.03,0.000156097566701726,6.76019338991858
Adn2,Tif1,0.0384866314406757,2.75908600042383
Adn2,Atp1,0.00000291306510334036,3.65975450472618
Adn2,Plb2,0.0335381918477427,1.59020816962349
Adn2,Csx1,0.0160267719181889,2.11993931616224
Adn2,Erf1,0.005907889291747,2.68686850922731
Adn2,Sap114,0.000297704649136573,2.35159455721884
Adn2,Trm402,0.00557571336083822,1.97802395643471
Adn2,Usp108,0.00000443873402743971,2.99722748089939
Adn2,Gpm1,0.00926627168367458,1.6403920956797
Adn2,Cwf2,0.00756395994852037,2.77480480963354
Adn2,Rpl2302,0.0349733555049532,1.19645949617965
Adn2,Spp42,0.0231150287053671,2.97334187496469
Adn2,Rps5,0.000000911631674445704,7.00951977110287
Adn2,Rpf2,0.0307122620849162,2.38982520109772
Adn2,Pmc1,0.000460814611521152,2.34763171896408
Adn2,Dhx29,0.00473470362325635,3.83822823410627
Adn2,Ppr1,0.00326112911838349,1.99759465042267
Adn2,Aha1,0.0307122620849162,3.28096994894478
Adn2,Hrd1,0.00516271297658657,1.61196549165889
Adn2,Mex67,0.00367353355810277,2.85775820100355
Adn2,Lsm5,0.0364886158156484,1.80945394646738
Adn2,Cwf3,0.000893602708128714,2.9495648630089
Adn2,Sap62,0.0074991059834837,2.06786056368433
Adn2,Cwf14,0.000893602708128714,2.26169070722113
Adn2,Cwf7,0.0128373330025313,2.46779517601759
Adn2,Ldb1,2.77129662124185e-26,10.525812051311
Adn2,Lsm4,0.0202291975258963,3.44755400532998
Adn2,Prp39,0.00219903724851011,2.24152106868261
Adn2,Kin1,0.0129483870363651,1.97588505452101
Adn2,Ilv5,0.0380718110242685,2.32719620700527
Adn2,Cwf11,0.000893602708128714,2.81267104036806
Adn2,Utp22,0.000297704649136573,2.83847665105906
Adn2,SPCC126.11c,0.00523140758200057,2.76437093791728
Adn2,Adn3,5.20851035155289e-12,9.82863246738472
Adn2,Cbc3,0.000869184208541023,2.78704081655825
Adn2,Utp23,0.0020352728782731,2.32323674725568
Adn2,Mdh1,0.00721134305235881,2.09523916810131
Adn2,Srp72,0.0161874105650695,3.36978728827354
Adn2,Ucp12,0.00594226218961062,2.38778078536436
Gaf1,Nht1,0.00706104304996189,4.08921466670536
Gaf1,Pss1,0.00273675005371974,3.39529092584425
Gaf1,Swr1,0.000398328487221271,2.89574353902917
Gaf1,Iec1,0.00513232665805574,4.63372760697507
Gaf1,Thi1,0.00150886943730421,2.31012159497266
Gaf1,Rpc19,0.00350713560204305,4.37695127281206
Gaf1,Cph1,0.000891462547282655,3.47935194208729
Gaf1,Nop12,0.0205750723498542,2.84482726851976
Gaf1,Hrp1,0.00705603221037354,2.98640947100119
Gaf1,Pap1,0.000237825340298181,4.67285723710694
Gaf1,Fol2,0.0000546205252379474,4.96411248159587
Gaf1,Bur6,0.00973297816969901,2.24080676557147
Gaf1,Mst2,0.00348311505452156,3.46417233218732
Gaf1,Hhf2,0.00293098644651175,1.5989346131542
Gaf1,Hta2,0.0359957864307977,1.26084847318918
Gaf1,Rpb10,0.0000114190222857604,5.4787855481861
Gaf1,Spo15,0.0275318272917986,2.38101501886601
Gaf1,Rsc58,0.016290390327077,2.10152394270629
Gaf1,Spt6,0.0000624532255240479,2.58153449111305
Gaf1,Ies6,0.00150886943730421,4.430749309187
Gaf1,Rpc11,0.000000451588590404479,4.30421754145868
Gaf1,Bip1,0.00571900649799032,1.52352450805648
Gaf1,Ura1,0.0294472119747945,1.96195911675693
Gaf1,Tfg3,0.0484278335236498,2.86109808524041
Gaf1,Cka1,0.0485259611192931,2.45906254004017
Gaf1,Pst2,0.00273675005371974,3.95708427627548
Gaf1,Rpb5,0.00566763186370932,3.59379690696671
Gaf1,Spt5,0.0405913539222451,2.67872581283573
Gaf1,Pdp3,0.00920856248184657,3.0229453613553
Gaf1,Rpb2,0.00150886943730421,3.82144803491211
Gaf1,Ies4,0.00378326704655759,4.13063014952895
Gaf1,Alp13,0.00348311505452156,3.89207033269416
Gaf1,Zip1,0.00054764585030685,1.73785234387899
Gaf1,Ino80,0.00360664505633204,4.25595239994369
Gaf1,Clr5,0.000063186904359849,5.62663662274681
Gaf1,Tbp1,0.00705325775507391,2.80566329755498
Gaf1,Hsf1,0.0232693070090224,4.41570275911617
Gaf1,Rim1,0.0000120627865273277,6.00149288619978
Gaf1,Cph2,0.0035784750150306,3.5288240145622
Gaf1,Rad52,0.000000162501889414246,5.65165977517461
Gaf1,Msc1,0.000880065365424572,2.91279036061602
Gaf1,Hrp3,0.00254625181757563,4.32209354274708
Gaf1,Orc3,0.0000738555039108258,4.49197213406336
Gaf1,Fas2,0.00956349091651564,2.30617593178875
Gaf1,Rpc2,0.00318639176931648,5.1405138136611
Gaf1,Pyk1,0.00063935208395961,2.67778966284917
Gaf1,Swi6,0.00378326704655759,3.07942751847003
Gaf1,Arp8,0.000504398112920426,5.13437806854353
Gaf1,Ies2,0.00378326704655759,3.49069610579038
Gaf1,Sfc1,0.000000000274414140237311,4.32232686336983
Gaf1,Eaf6,0.00708217731528821,2.63100520570588
Gaf1,Ptf1,0.0000388889118314734,4.47719715343172
Gaf1,Rad24,0.0107438849814714,4.83812400531986
Gaf1,Msh3,1.72042287128858e-11,3.56410416445659
Gaf1,SPAC8F11.04,0.0309686130690349,2.14287189482983
Gaf1,Fas1,0.0177902314924266,1.97278260785892
Gaf1,Cbh1,0.000386212715105181,5.0582734111982
Gaf1,Swc4,0.0340318920939221,2.27520686103775
Gaf1,Ost3,0.0177902314924266,2.76865953292581
Gaf1,Rpc82,0.00265028819221774,5.55619085590564
Gaf1,Rpc17,0.0000732028626520891,4.98770781297791
Gaf1,Iec5,0.00750772977550888,3.95630012455898
Gaf1,Rvb1,0.00435534316161214,4.17508138122223
Gaf1,Cbp1,0.0012832983524792,5.77510309796701
Gaf1,Pht1,0.0263653572957539,3.53484415218623
Gaf1,Irc3,0.0000546205252379474,5.45614988663009
Gaf1,Stt3,0.0360954788225952,2.45826287948763
Gaf1,Rpc40,0.0100255872520223,4.21063139362079
Gaf1,Ani1,0.0162599854641439,2.56874075809986
Gaf1,Brf1,0.00589135881001872,1.58902817672731
Gaf1,Rpb8,0.00507174261356733,5.33627739140596
Gaf1,Cbh2,0.0000430664583743866,5.13820680939122
Gaf1,Slm9,0.0000199633899880707,3.41254857857482
Gaf1,Ptf2,0.0114228117848083,3.41867494493373
Gaf1,Rsc9,0.00500572931048462,2.23961953282022
Gaf1,Top1,0.0000764195064198586,4.25471339501154
Gaf1,Sks2,0.000000162501889414246,1.23252919729777
Gaf1,Aha1,0.0368202011777936,2.72727493506231
Gaf1,Nto1,0.0134282457176446,3.1680624813305
Gaf1,Mot1,0.0000000463301448873355,4.64290166974236
Gaf1,Abp2,0.00319824687435642,5.3678713969495
Gaf1,Sre1,0.0170839636172959,3.29558409305233
Gaf1,Ppp1,0.00319824687435642,2.59837339893705
Gaf1,Msh2,3.796582962889e-18,6.51291964345419
Gaf1,Top2,0.0454711138630518,2.82111048509153
Gaf1,Mcm6,0.0485259611192931,1.70722601859998
Gaf1,Sfc6,0.000178560913510474,2.44931315300544
Gaf1,Rrp2,0.0000000100639803978416,4.4281546017755
Gaf1,Rfc1,0.00000508673322296399,5.00992132864259
Gaf1,Mcm7,0.00000508673322296399,3.01049346490046
Gaf1,Pho7,0.00500572931048462,3.44255203630015
Gaf1,Toa1,0.0495460755282971,1.56649713233741
Gaf1,Hmo1,0.0100276095502969,4.22387979030203
Gaf1,Rpb1,0.0068560680225431,3.95359206132206
Gaf1,Orc1,0.0000196602697738205,3.75768466867779
Gaf1,Atf1,0.0174914013441185,5.68268214198713
Gaf1,Orc6,0.00360664505633204,1.93026971335078
Gaf1,Rpc25,0.00150886943730421,4.8374605279321
Gaf1,Ncb2,0.000872452258055945,3.25579740968766
Gaf1,Cwf4,0.00836132367052974,2.72304395749079
Gaf1,Hip1,0.00000350747526217944,4.79755646459273
Gaf1,Hip3,0.0000000167908594744111,4.90191397134816
Gaf1,Sfc3,0.000000000926364126726037,4.81948778568055
Gaf1,Arp5,0.00293098644651175,4.41186989936324
Gaf1,Prt1,0.00705603221037354,2.17180315828563
Gaf1,Pku80,0.0015740719360116,3.07120461804847
Gaf1,Orc5,0.0000018962815639404,4.43973623619364
Gaf1,Rpc1,0.0033789415668583,4.91143863965636
Gaf1,Ssb1,0.0016014918987872,5.58300875599647
Gaf1,Orc2,0.00000748146810293566,3.92647922303553
Gaf1,Brx1,0.0376701275124257,1.9425904096979
Gaf1,Rvb2,0.0177902314924266,3.20293910076824
Gaf1,Rpc31,0.00158797145418248,5.11861830800421
Gaf1,Sfc9,0.000000243556311209502,3.58540595501747
Gaf1,Hip4,0.00000216109701796323,3.23896444619937
Gaf1,Alp5,0.0107356724553236,4.0194197826429
Gaf1,Orc4,0.0022401344403208,4.26513904607502
Gaf1,Rpb6,3.60519355966133e-13,4.62464795243971
Gaf1,Fft2,0.0034004974917102,3.33849704832685
Gaf1,Iec3,0.00247409113700701,3.92954902540299
Gaf1,Pku70,0.000000185372845753553,4.40028962632523
Gaf1,Rpb3,0.000290857345636081,2.88966177245721
Gaf1,Mcm3,0.00107648203723862,2.43025889978872
Gaf1,Cdc31,0.00000292073409689334,2.95709872034862
Gaf1,Mcm4,0.00000296561095340842,3.0652155564715
Gaf1,Sfc4,0.0000000088817499137314,3.64622796496484
Gaf1,Hap2,0.0194199583003046,2.29233978210239
Gaf1,Ssb2,0.00348311505452156,6.01703780750623
Gaf1,Rpc53,0.000278412335623705,5.63861726585601
Gaf1,Msh6,4.46105852232963e-17,5.78686947590674
Gaf1,Spp27,0.0068560680225431,4.43699559685492
Gaf1,Rpc34,0.00000100622623503088,5.51878113153815
Gaf1,Rhp16,0.000181081295517207,2.61766876654052
Gaf1,Rhp7,0.000000500857482660217,3.5281430471678
Gaf1,Rpc37,0.0120410567730307,4.33790675841143
Gaf1,Dbl5,0.000121197343202301,3.82789521072816
Gaf1,Swp1,0.0161905715284485,3.17051221431435
Gaf1,SPCC965.10,0.000327360329386673,2.69879587317992
Gaf1,Cob1-I1,0.000000162501889414246,4.02883796452657
Hsf1,Arp9,0.00711801145862195,2.29506009998587
Hsf1,Nht1,0.0261829058719137,3.67577224394232
Hsf1,Pss1,0.00978888808004285,3.10751577063528
Hsf1,Snf21,0.0038854004753172,2.84656151075588
Hsf1,Ssa1,1.45513759929053e-21,6.26526210204346
Hsf1,Rpc19,0.0393688563804025,3.44224467489207
Hsf1,Cph1,0.0407012746018432,2.43118544907103
Hsf1,Pap1,0.00067451043157892,4.60600200217672
Hsf1,Fol2,0.00160545314008405,4.27228639701214
Hsf1,Ssr1,0.0490943347288469,1.87688305298467
Hsf1,Bur6,0.0000704699020072491,3.39787211552586
Hsf1,Mst2,0.0382228364717867,2.73896470062738
Hsf1,Rpb10,0.011405265452103,3.63927051759662
Hsf1,Lsh1,1.53613499268379e-14,4.76931650163981
Hsf1,Ies6,0.0195856506700779,3.58952867399972
Hsf1,Pst2,0.0457845067081763,2.9412379306444
Hsf1,Rpb5,0.0246046163480578,3.19416703403163
Hsf1,Ies4,0.0156810822962587,3.73405443571839
Hsf1,Ssr3,0.00139816846723267,2.63250846620464
Hsf1,Alp13,0.00921954306354597,3.68261403965638
Hsf1,Ino80,0.0260446119152281,3.5824758590776
Hsf1,Clr5,0.0023014690661288,4.72763027371215
Hsf1,Tbp1,0.00067451043157892,3.61186971754105
Hsf1,Rim1,0.0491660325956955,3.25976108517066
Hsf1,Cph2,0.0432003215173025,2.73062140905411
Hsf1,Orc3,0.0284029873855568,2.88923968019059
Hsf1,Fas2,0.0000914719066647429,3.44247385138332
Hsf1,Prz1,0.0346003502213713,3.72753828721843
Hsf1,Rpc2,0.0279557108496729,4.19860240323672
Hsf1,Cmb1,0.0490884441878336,4.08857820547134
Hsf1,Swi6,0.0256479785150125,2.61787876976976
Hsf1,Arp8,0.00458255702511328,4.51968190252387
Hsf1,Ies2,0.00533997769677583,3.54631008260858
Hsf1,Fas1,0.0000000014808143643643,4.22248791415622
Hsf1,Cbh1,0.000684741527399354,5.11687519425016
Hsf1,Rpc82,0.0407012746018432,4.20070523229321
Hsf1,Rpc17,0.0261829058719137,3.24487925244527
Hsf1,Iec5,0.00978888808004285,4.02674293640062
Hsf1,Cbp1,0.0110179287582065,4.90413421847501
Hsf1,Irc3,0.000132966577806759,5.5171130556441
Hsf1,Spi1,0.0147821934963161,2.48459817624647
Hsf1,Rpc40,0.047293488553685,3.56965647154726
Hsf1,Myo1,0.00504428342511739,1.99566035806856
Hsf1,Rpb8,0.00592429484785126,5.48961034603671
Hsf1,Cbh2,0.00417097032810666,4.01769162586753
Hsf1,Slm9,0.0241409884223169,2.13464362345564
Hsf1,Fhn1,0.000389741675584036,4.09787668602991
Hsf1,Top1,0.00399825063251007,3.44947078903649
Hsf1,Mot1,0.0429339639572798,2.17680805923282
Hsf1,Abp2,0.0147657728492938,4.78126975762364
Hsf1,Rpc10,0.00603230630457185,1.80167573833005
Hsf1,Sre1,0.00921954306354597,3.71322269811268
Hsf1,Pho7,0.000639905580071599,4.30192050747566
Hsf1,Hmo1,0.000447152390621466,5.79686377890434
Hsf1,Orc1,0.0207476136915043,2.39200229327244
Hsf1,Rpc25,0.0147657728492938,4.03877612290781
Hsf1,Ncb2,0.0020898622170149,3.20235712639456
Hsf1,Hip1,0.00550496353706187,3.30124461215312
Hsf1,Arp5,0.0407012746018432,3.37363337755201
Hsf1,Pku80,0.01396587378469,2.59615607172314
Hsf1,Pim1,0.00215212058701196,3.72691750137337
Hsf1,Rpc1,0.0261829058719137,4.08075956874998
Hsf1,Rpc31,0.0407012746018432,3.71795778975839
Hsf1,Alp5,0.0303288802438332,3.6920687521383
Hsf1,Orc4,0.0253207543669082,3.42554292002597
Hsf1,Iec3,0.00715988398087293,3.67496428485026
Hsf1,Rsc7,0.00533997769677583,2.47874092565475
Hsf1,Sap1,0.0291308822729699,3.70089550960566
Hsf1,Hap2,0.000000171030653771531,4.50915695711998
Hsf1,Ssa2,7.15068914382713e-18,4.16665065258791
Hsf1,Rpc53,0.0213252955198013,4.044535519996
Hsf1,Spp27,0.000712564546720058,5.63366006897284
Hsf1,Rpc34,0.0294407540253875,2.98851867159521
Hsf1,Rpc37,0.0353286664255993,3.95895094915956
Hsf1,Psi1,3.7326245905765e-11,3.44294867108091
Hsf1,SPCC965.10,0.011080441405552,2.10540531822076
Adn3,Prp22,0.00743225799302197,1.94920242178988
Adn3,Smd1,0.0234934748208882,4.20907413701752
Adn3,Prp10,0.035146376955674,1.93902809383261
Adn3,Mrps9,0.0234934748208882,1.87233212385544
Adn3,Ldb1,0.00743225799302197,4.77344540183863
Adn3,Oca8,0.0241923240110915,1.72454696523394
Adn3,Srp54,0.0234934748208882,2.46093004052669
Adn3,Tif6,0.00164293873394216,2.66428538567691
Adn3,Mdh1,0.00182667807926842,2.51367979829094
Adn3,Srp72,0.035146376955674,3.44473973282119
Ams2,SPAC1039.01,0.0000123476823663528,3.00582183387176
Ams2,Erg11,0.0307715664257356,2.3126856501397
Ams2,Rad25,0.00752078522962989,3.99450317504244
Ams2,Sec62,0.00752078522962989,2.48874315259773
Ams2,Imp4,0.00059838848917738,2.56266586876243
Ams2,Yip5,0.00233864413783194,2.09172305373481
Ams2,Pho842,0.0307715664257356,3.71997968650748
Ams2,Dnf2,0.00059838848917738,2.72518928300948
Ams2,Abc4,0.000000234078161860737,3.48067659606417
Ams2,Rad24,0.000785674379035294,6.60491714783568
Ams2,Cta4,0.0215022711109768,2.39430760893864
Ams2,Doa10,0.0115040816095174,1.9018051440727
Ams2,Pho841,0.000442012327910727,3.10773226958159
Ams2,Amf1,0.00291450386634289,2.28337515634291
Ams2,Scs2,0.00059838848917738,2.88843046628957
Ams2,Lsm5,0.00229543661500496,2.320504320493
Ams2,Nrf1,0.0497236855413092,1.65873584903356
Ams2,Rrs1,0.0460002978485304,1.7443783092976
Ams2,Hmt2,0.00310900816647076,3.00233888097508
Ams2,Lsm4,0.0115019866179162,3.6234974641102
Ams2,Pmr1,0.00331418655389692,2.64566860801646
Ams2,SPBC3B8.06,0.000000512977795386945,2.74332766047421
Ams2,Shr3,0.00412431809230287,3.73666909179957
Ams2,Ght2,0.00011393525968784,2.27964348299029
Ams2,Bag102,0.000116643624360633,2.39555449563153
Ams2,Ags1,0.00115294776563749,2.26682740682765
Ams2,Ctr4,0.0243822685851466,2.46345426166177
Ams2,Mug33,0.00844492363306035,1.93064123412167
Ams2,Lsm7,0.00752078522962989,2.1305531451786
Ams2,SPCC320.08,1.5891614915405e-13,3.93558982644348
Ams2,Tpx1,0.00358093968927248,2.84052054167857
Ams2,SPCC584.13,0.000000486822691688532,4.01716190930421
Ams2,SPCC965.13,0.0052577952653502,3.56217165577422
Ams2,SPCPB1C11.03,0.000177612383370875,7.18451680515702
Res1,Yip5,0.00511503881707822,2.07803868227473
Res1,Res2,0.0000073639849329431,7.5412621018017
Res1,Aur1,0.0453576989743071,2.64051716931257
Res1,Pho841,0.0229615840256778,2.52157765336562
Res1,Nrm1,0.000000216166039916443,7.6266503947205
Res1,Prs1,3.26685423835683e-16,6.05819641986474
Res1,Yox1,0.0000000930029032276932,8.61821091936844
Res1,Cdc10,0.000000216166039916443,10.5426253045895
Res1,Cop1,0.00511503881707822,2.1356289924898
Res1,SPCC584.13,0.00511503881707822,2.82405405847284
Atf1,Nht1,0.0442870183450309,1.21375795979667
Atf1,Laf1,0.000328833873247315,2.35245905877083
Atf1,Rpc19,0.0126273704337886,1.49847001940775
Atf1,Bur6,0.0282722586855224,2.4696175228641
Atf1,Deb1,0.0232616627185088,2.75216540505082
Atf1,Dal2,0.0210998442880932,2.33878147691372
Atf1,Pcr1,0.000000000333156960883411,8.29341405261099
Atf1,Rpb5,0.00194736040920938,1.51370908512979
Atf1,Ies4,0.00655296730612847,1.42053621468473
Atf1,Sds3,0.0178803076164415,1.98286121852058
Atf1,Ost1,0.00000606379781456452,1.4782504991653
Atf1,Ino80,0.000142380963219406,1.44980483191574
Atf1,Clr5,0.0486610860700667,2.0290667099226
Atf1,Tbp1,0.0412403106931711,2.20181008266135
Atf1,Hsf1,0.000448590513575704,1.92041642669038
Atf1,Rpc2,0.00000736190178794696,1.86733747208041
Atf1,Cmb1,0.000144348273544136,1.68009604348004
Atf1,Arp8,0.003625338873693,1.53067446915154
Atf1,Ies2,0.0442870183450309,1.24390503138527
Atf1,Sen1,0.0277128171437259,2.15201651876314
Atf1,Cbh1,0.00576154006027554,2.31804261260329
Atf1,Rpc82,0.000434171595882506,1.71727110909472
Atf1,Rpc17,0.00954335060696316,1.48153376043248
Atf1,Cbp1,0.0061099992069212,1.7628926391545
Atf1,Zas1,0.0413323421206702,1.37784711748857
Atf1,Stt3,0.00000490186436983293,1.46728054179783
Atf1,Rpc40,0.0000109248335845027,1.69717469718887
Atf1,Pst1,0.0013606088409873,2.68190801174515
Atf1,Cbh2,0.00387419623017243,2.90678854816809
Atf1,Klp9,0.0408727438447634,1.32534598433013
Atf1,Slm9,0.00976230534982757,2.20591466293719
Atf1,Pst3,0.0310322003388973,1.54646800911073
Atf1,Spp41,0.0197680061532398,2.86803642210167
Atf1,Mot1,0.0179329104497978,2.47978217499047
Atf1,Abp2,0.00746037152783776,1.36063874146254
Atf1,Sfc6,0.00840043611612266,2.26502213153724
Atf1,Rrp2,0.00375115263385229,2.44936083295667
Atf1,Rpc25,0.0232616627185088,1.92245034279815
Atf1,Hip1,0.0438912224290961,2.01822317415057
Atf1,Hip3,0.00544899186798131,2.89585447410765
Atf1,Sfc3,0.00593903619598153,2.64053940504343
Atf1,Arp5,0.00267799233216868,1.48221016860129
Atf1,Pku80,0.000396831678495282,3.6046629251009
Atf1,Rpc1,0.0000113398496354898,1.72668907930702
Atf1,Rpc31,0.00863384975185908,1.69449165253878
Atf1,Hip4,0.0217050826254506,2.35044881700968
Atf1,Alp5,0.0162817251703277,1.23793490773139
Atf1,Rxt3,0.0310322003388973,1.41013327173229
Atf1,Pku70,0.000487714798938104,3.00308513485529
Atf1,Sap1,0.0000167157703049238,1.47208709096384
Atf1,Rpc53,0.00159901608296095,1.96722865087747
Atf1,Gaf1,0.0146419380783222,1.73971257060601
Atf1,Rhp16,0.00853433898766808,2.08939707742416
Atf1,Rhp7,0.00673947754737765,2.20549736325993
Atf1,Rpc37,0.00267799233216868,1.5707300547638
Sak1,Atp2,0.00477882630643322,3.36205452502085
Sak1,Atp4,0.0400350991936059,1.7991925081531
Sak1,Clu1,0.0434895085640908,1.85281505369697
Sak1,Ght5,0.000000817062791463883,5.49166438558139
Teb1,Csx1,0.0459665746175603,2.2684397438914
Teb1,Nmd5,0.0247324815892961,2.94805791287591
Teb1,SPCPB1C11.03,0.00760657051320343,6.52256814300887
Zas1,Tif1,0.0370674421256933,3.12118283037313
Zas1,Gcn1,7.27238703686756e-12,4.65324833885068
Zas1,Hrp3,0.00406011491992048,4.86763982488238
Zas1,Rps602,0.000639379577414289,5.90767514531783
Zas1,Cct4,0.0370674421256933,1.71141142136249
Zas1,Spt4,0.0187170530558607,2.52843640939664
Zas1,Orc5,0.0476821459358184,2.90833734055198
Zas1,Dbl5,0.00406011491992048,3.57741924963158
Atf31,Sdg1,0.0377642928651161,2.06620766477708
Atf31,Ypt3,0.0279486194847771,2.71142055292036
Atf31,Sul2,0.0101551592057475,3.19294169920137
Atf31,SPAC9.02c,0.0162875446103115,2.35231285168315
Atf31,Ccc2,0.0363475898473542,2.14277487165557
Atf31,Cyt1,0.0189285579685859,2.2219515922235
Atf31,Plt1,0.0162655276783938,2.07237123001584
Atf31,Pho843,0.0101551592057475,2.33742521829495
Atf31,SPCC330.07c,0.00461773217384512,2.20484869075829
Atf31,Are2,0.00245109886123935,2.28761780728051
Cbf11,Tif224,0.0315993471202439,2.00624792527987
Cbf11,Mga2,1.97921087162444e-19,5.77702269703189
Cbf11,Rps801,0.0178457417755377,3.71994744661852
Cbf11,Rpl29,0.0463577861263129,4.61839095192516
Loz1,Vrg4,0.0120158847191307,3.02924077576283
Map1,Rad25,0.00604561606348549,4.40102958831837
Mbx1,Clp1,0.0372519886015648,1.65346770348475
Mbx2,Rps1502,0.0170219048957088,1.7056465941757
Mbx2,Tif45,0.0372099192924345,1.53139255498655
Mbx2,Tif471,0.0389220261890396,1.11191531218671
Mbx2,Rpl803,0.0485729555373622,1.03105546205284
Mbx2,Rpl31,0.0422495741856363,1.0571033910414
Mbx2,SPBC1604.12,0.0435104972992861,2.16850350695772
Mbx2,Rpl1901,0.0300489456056307,1.09906142662963
Mbx2,Mbf1,0.0372099192924345,1.88200693901366
Mca1,Ecm33,0.0160193984440993,2.51307668124351
Mca1,Utp5,0.0000242059863097001,2.72785410727847
Mca1,Cbf5,0.0426069492774508,1.31823439297417
Mca1,Tif211,0.0376404963816786,1.22903122682264
Mca1,Rpc2,0.0160193984440993,1.40723782489383
Mca1,Pcp1,0.00016077558950544,5.45876173247638
Mca1,Sen1,0.0253269994437568,2.6932218831061
Mca1,Rpc82,0.032826694771984,1.45406991756108
Mca1,Atp16,0.012618067539683,1.85144598437662
Mca1,Uve1,0.0250652527202751,1.99132446171804
Mca1,Rpp202,0.0168170198309228,4.23685526579842
Mca1,Rpa43,0.0336866302477562,2.20000072554856
Mca1,Mcm2,0.0000242059863097001,5.82493927595517
Mca1,Pim1,0.0426069492774508,1.45677986135573
Mca1,Pob3,0.0426069492774508,1.01531897859496
Mca1,Abo2,0.00087187645754298,2.40802001969276
Mca1,SPBPB7E8.02,0.00087187645754298,2.51851877580524
Mca1,Hel2,0.0170142789400958,2.48933324684243
Moc3,Mcp60,0.000234042757785377,5.06788649209301
Moc3,Dal2,0.00000000120808295368639,7.82928099710863
Pap1,Pss1,0.0000773207172492716,2.06596512654667
Pap1,Swr1,0.0376402911744248,2.75504867499156
Pap1,Ssa1,0.0259066527409096,1.77450657829841
Pap1,Taf12,0.000000000860335997559955,4.35299521921855
Pap1,Yaf9,0.0000261662014418075,3.14797844882755
Pap1,Gcn5,0.00000012375316591278,3.02616929089579
Pap1,Deb1,0.0116384080229993,3.26508015944744
Pap1,Tra2,0.000000212748345944498,6.52607804657591
Pap1,Dal2,0.0241622362394073,2.55798607130676
Pap1,Png1,1.69899833491594e-17,6.6255303053804
Pap1,Spt20,2.22118462332405e-16,4.88761168782723
Pap1,Mst1,1.63941776140533e-11,4.67786255373027
Pap1,Sfc1,0.000489630189957891,3.54000882909318
Pap1,Eaf6,0.00725646707801586,2.32606840432139
Pap1,Moc3,0.010888755669947,2.96888409194906
Pap1,Prr1,0.000257874217927841,4.83846801357292
Pap1,Cbh1,0.0419571682094376,2.04903568918669
Pap1,Swc4,3.58526189388287e-13,5.92615533282583
Pap1,Spt8,0.000418293687098761,2.06919080408052
Pap1,Eaf7,0.000000212748345944498,3.19178011767547
Pap1,Sks2,0.00000589510759215851,1.18017666546042
Pap1,Sgf29,0.0000000011347678244266,3.11611514377226
Pap1,Bdc1,4.11240716359559e-15,5.94820634872498
Pap1,Taf10,0.000000000222974670647769,3.79517968972754
Pap1,Rpt6,0.031934187129318,2.04724800470705
Pap1,Spt7,0.00000388825884802269,2.63675345325274
Pap1,Ngg1,9.22533352911248e-11,3.66825490539637
Pap1,Hip1,0.031934187129318,2.36114561832444
Pap1,Hip3,0.00816934705896008,3.01257378261387
Pap1,Sfc3,0.0172713497997986,2.59907046736863
Pap1,Gpd3,0.0390909658657014,3.00836225105918
Pap1,SPBC685.08,0.0368978349959544,1.62158138129432
Pap1,Sus1,4.73711967475597e-12,3.94188713160116
Pap1,Hfi1,0.00000673182584491491,2.50806797352315
Pap1,Tra1,1.33282779804937e-15,4.64220801861411
Pap1,Alp5,0.000074979337787311,1.89775546860364
Pap1,Sfc4,0.0000821814730742984,2.75546840873918
Pap1,Taf6,0.000000415389981869937,3.75564693992598
Pap1,Vid21,2.189727269707e-13,6.18950044830352
Pap1,Ada2,7.20744707600423e-11,3.28375603310464
Pap1,Rhp16,0.00364132551672076,2.40690677312955
Pap1,Rhp7,0.0202716967513341,2.16349503892215
Pap1,Taf5,0.000000013368983795622,3.70677033832033
Pap1,Spt3,0.000000212748345944498,2.86420822462923
Pap1,Epl1,2.25578111013289e-14,6.17072034690843
Pcr1,Rpb5,0.0464289663753776,1.24450836011231
Pcr1,Rim1,0.0370028282219036,1.27412826339109
Pcr1,Cmb1,0.0000827558879455064,1.85236566216628
Pcr1,Pst1,0.0362359306723706,2.2146816876279
Pcr1,Sfc6,0.00719922462913225,2.56472455471759
Pcr1,Rrp2,0.00698942220222553,2.58703483856251
Pcr1,Atf1,4.81443522628166e-12,5.87009440975114
Pcr1,Sre2,0.0127021070812827,2.69226962917651
Pcr1,Rpl1601,0.0155469908812666,5.31425093881345
Pcr1,Pku70,0.00519074473750588,2.81450656592988
Pho7,Vip1,0.0283521793541232,3.12763396356778
Pho7,Pss1,0.00160447322485279,1.8446128860515
Pho7,Swr1,0.0330678713566672,2.77613305694357
Pho7,Sdh2,0.0312641886697386,1.78453424087504
Pho7,Atp1,0.0067572817411061,2.93938155814492
Pho7,Sdh1,0.0118506821537048,2.18067395232584
Pho7,Rad25,0.00000906291209880442,5.39091003333613
Pho7,Ssr1,0.0114580418412689,1.56588401133698
Pho7,Slt1,0.000159316916722189,3.24218943932777
Pho7,Ypt3,0.00281502023039156,2.93950683380952
Pho7,Scs7,0.0188676557891155,2.04628593775449
Pho7,Erh1,0.000886006480831052,3.14288648441282
Pho7,Deb1,0.0260569049235655,3.02700818374359
Pho7,Spt6,0.00621136754898829,2.18750301431785
Pho7,Seb1,0.0407196186759243,2.49872121752031
Pho7,Atp2,0.000433180876281388,3.97318319815121
Pho7,Bip1,0.000509505100400022,1.36608623501897
Pho7,Rfc2,0.0260569049235655,2.21214173086476
Pho7,His1,0.00281502023039156,2.08039233642243
Pho7,Chc1,0.00505334141389319,1.98770061212301
Pho7,Taf1,0.0242526136104332,2.07380012380209
Pho7,Msc1,0.0120323967930167,2.71075936762297
Pho7,Nde1,0.00922413678685772,2.55242869077212
Pho7,Cam1,0.00204455885584442,2.01508655020311
Pho7,Rpc2,0.0253007019429841,1.20377187504486
Pho7,Cut6,0.00105274078103806,3.95106393839856
Pho7,Ies2,0.0353977791603819,1.42995814659869
Pho7,Pcp1,0.0000142428648624464,5.81474932491879
Pho7,Sen1,0.00432188106764514,2.90114734233071
Pho7,Moc3,0.00157263802806201,3.57154995216451
Pho7,Rad24,0.000000152997313174126,5.65348716157263
Pho7,Rpc82,0.00612876052204608,1.56151049428466
Pho7,Rvb1,0.0126818374086151,1.46133236679635
Pho7,SPBC11C11.06c,0.00995479822097712,2.10814379779468
Pho7,Rpc40,0.0312641886697386,1.0742608190313
Pho7,Taf51,0.00201173083840693,1.96482063411296
Pho7,Pfk1,0.00000318180651585786,1.70112509551577
Pho7,Lcf1,0.00416522738503779,3.45649001257075
Pho7,Hob1,0.0321014109472249,2.17818992675821
Pho7,Trs1,0.00160372429440534,3.70119358953161
Pho7,Atp7,0.0283521793541232,2.08203459211526
Pho7,Pdp1,0.0312641886697386,2.34397211341457
Pho7,Isp4,0.00682802178290604,2.92146191991592
Pho7,Hmt2,0.0283521793541232,3.2957119210043
Pho7,Hip3,0.0279893752106389,2.68667008871867
Pho7,Cct8,0.0412117518173509,2.43843626440646
Pho7,Gpd3,0.0439135248989953,2.93995438754594
Pho7,Pim1,0.00641806748039027,1.616178602212
Pho7,Rpc1,0.0125910211894715,1.21446992571812
Pho7,Orc2,0.0460429267175167,2.41865665110287
Pho7,Rfc5,0.0353977791603819,2.0486728066637
Pho7,Sfc9,0.0279893752106389,2.27887839349913
Pho7,Apm1,0.0260569049235655,1.57389361597272
Pho7,Qcr1,0.00195631876933178,3.87768193284054
Pho7,Gpt1,0.0242945135100986,1.73991196792139
Pho7,Cdc31,0.0242526136104332,2.91812353959585
Pho7,Oca8,0.0205168651844907,2.71939229391345
Pho7,Rpc53,0.0353977791603819,1.59433241794779
Php2,Cki3,0.0495558502088318,1.38289957420995
Php2,Dal2,0.00000135966012826571,4.42753948797726
Php2,Php3,3.14748971339293e-18,11.0718742848029
Php2,Rpb5,0.0103554349153689,1.44099532302435
Php2,Rim1,0.023007652846366,1.33231064603585
Php2,Phf2,0.0103444121637668,2.20084460470371
Php2,Rad52,0.000374423440898581,2.639717866658
Php2,Moc3,0.0000551951106752986,4.20305722838158
Php2,Kap123,0.000173255645365832,2.83672806727403
Php2,Rpn2,0.0405777636364318,1.71043148567967
Php2,Rpc10,0.00930783482925372,4.41970087679575
Php2,Msh2,0.0315684702259997,2.26842066796745
Php2,Sfc6,0.00735588671180662,2.53268542266574
Php2,Php5,1.97842524685767e-18,8.98602637297804
Php2,Pku80,0.00343600391447843,3.36794880027774
Php2,Rpc1,0.0273704924085722,1.12789503064125
Php2,Ssb1,0.00292543889109939,1.38139642043095
Php2,Hip4,0.0367238203263491,2.46713481563205
Php2,Pku70,0.000880865271128535,3.13835038389885
Php2,Sap1,0.0012502263858598,1.26464110673852
Php2,Rhp7,0.0179067448571236,2.22898570939335
Php2,Rpc37,0.0320367625906917,1.36346700202521
Php2,Cob1-I1,0.0335061384088752,2.33900352207313
Php3,Vrg4,0.0195214396874956,2.54066986662993
Php3,Rpc19,0.0314093335866796,4.05076116748123
Php3,Pap1,0.0200948785679687,3.75425564748613
Php3,Dal2,0.000000623118049825816,6.80115698774107
Php3,Rpc11,0.00995875411008539,2.90740304853955
Php3,Clr5,0.00995875411008539,4.53800933121407
Php3,Rim1,0.039882313677163,3.81281497201215
Php3,Rad52,0.0435698210963048,3.06467695468869
Php3,Rpc2,0.0314093335866796,4.69299684670232
Php3,Arp8,0.0409151341607653,3.87340529619874
Php3,Moc3,0.0000127977972959648,7.62582834969071
Php3,Cbh1,0.0314093335866796,3.97766931920954
Php3,Rpc82,0.0377046026605576,4.78530748075688
Php3,Rpc17,0.0325890920166193,3.56616865339639
Php3,Cbp1,0.0361874911642581,4.72519482067499
Php3,Rpc40,0.0361874911642581,4.22657711825541
Php3,Rpb8,0.00935638820253657,5.93455703306345
Php3,Cbh2,0.00462322523410671,4.41694632350146
Php3,Fhn1,0.0331613205299504,3.00429831614614
Php3,Php4,5.58740028594468e-15,4.23380799326674
Php3,Abp2,0.0454646702766009,4.56207181695975
Php3,Sre1,0.008694799235171,4.26440918223528
Php3,Grx4,0.00995875411008539,2.57291517498332
Php3,Pho7,0.0106170612670946,3.69085917900925
Php3,Rpc25,0.00935638820253657,4.82680992637292
Php3,Php5,6.47493781978266e-30,12.6877593434551
Php3,Prt1,0.0409151341607653,2.04327333038109
Php3,Pku80,0.000388085295738454,3.68498917827533
Php3,Orc5,0.0325890920166193,2.73813254115723
Php3,Rpc1,0.039882313677163,4.29401615696273
Php3,Php2,5.50046374518211e-40,10.8121831275162
Php3,Iec3,0.0172225370359364,3.7477771978144
Php3,Rpc53,0.0106170612670946,4.836873471738
Php3,Rpc34,0.0132193869426394,3.69658192376826
Php3,Rpc37,0.0361874911642581,4.42664042637435
Php5,Mcp60,0.000568365234615557,4.11955549697202
Php5,Dal2,0.0000601299859069503,3.9694922392202
Php5,Php3,2.25759488597375e-11,9.19261281699899
Php5,Moc3,0.0037904164700838,3.4364095395047
Php5,His2,0.0000310166193167167,2.69107783842766
Php5,Php2,1.85986953646316e-17,9.73255487678624
Phx1,Prp22,0.013680808529675,1.9365854051337
Phx1,Rps101,0.0334261046516694,1.08380268811706
Phx1,Puf3,0.0184306738595715,1.71844663095561
Phx1,Erh1,0.0334261046516694,2.48885199823952
Phx1,Dhp1,0.0334261046516694,2.8620590193995
Phx1,Mrps9,0.00154770752383031,2.64970289641937
Phx1,Rps1001,0.04796986562939,1.04214331801441
Phx1,Mrp5,0.0252578471189886,3.94701213095061
Phx1,Rps5,0.00230332690688041,6.3368162337018
Phx1,Rad24,0.0252578471189886,3.36401765221049
Phx1,Pmk1,1.42035535827966e-15,4.22851635678997
Phx1,Srp1,0.0335275290008187,2.32135896408889
Phx1,Rpp202,0.033028943488433,4.0021205046227
Phx1,Cwf7,0.04796986562939,2.20529883019103
Phx1,SPBPB7E8.02,0.013680808529675,2.1448075611027
Phx1,Cbc3,0.0131025338624156,3.13938168432026
Phx1,Ucp12,0.00100364440458159,2.12654693210594
Prr1,Tif1,0.000534142155822699,4.09393369902351
Prr1,Arp9,0.0384807208070414,2.47136475985499
Prr1,Vip1,0.00307988291682732,3.48613336141375
Prr1,Pss1,0.000877423107275455,1.72847204707124
Prr1,Noc201,0.0124098977469137,2.0702788786672
Prr1,Swr1,0.0145633942224751,2.72089827770092
Prr1,Idh1,0.00000000773836428418161,5.37232107994912
Prr1,Arp2,0.0000085258095241922,2.84895531387227
Prr1,Cox4,0.00000596541072328699,3.15444545831261
Prr1,Mcp60,0.0490869505628853,2.31166594092677
Prr1,Oac1,0.00269376671377211,2.41091909615515
Prr1,Erg11,0.0176327477256691,2.44567967603482
Prr1,Msa1,0.0372716006613842,1.61513210961718
Prr1,Sdh2,0.000761010660827372,2.25550492924635
Prr1,Vtc2,0.0171228871616462,2.6738565020472
Prr1,Atp1,0.000373115150037585,3.28447311614865
Prr1,Sdh1,0.0000569402965522751,2.84941204789305
Prr1,Cdc48,0.0258262423961331,3.32042534719483
Prr1,Rfc4,0.0102136514857877,2.41833641855308
Prr1,Pap1,0.00000758828640336496,3.64222091597787
Prr1,Slt1,0.00344372008705841,2.37216628336027
Prr1,Gdt2,0.00250332080327918,3.32131566301729
Prr1,Dri1,0.000193506437278418,2.87184576418931
Prr1,Cki3,0.00130461258458705,1.76888454436012
Prr1,Ypt3,0.0000593304509671252,3.37198712617103
Prr1,Gcn1,8.5619628598143e-14,6.64852259560643
Prr1,Erg5,0.00000485897852503016,3.98754055731058
Prr1,Trp2,0.00000000604848418709805,3.63907092445078
Prr1,Mce1,0.00910176473271478,3.19969248881363
Prr1,Scs7,0.00130461258458705,2.31500522041629
Prr1,Erh1,0.0159225042912178,2.16712137311105
Prr1,Tcd1,0.00076081258508487,2.07984592855759
Prr1,Deb1,0.0182693786553907,2.76825594169442
Prr1,SPAC1B3.01c,1.99472155763593e-14,3.91237144413369
Prr1,Rho1,0.0287861910019855,1.83089423786172
Prr1,Cdc22,0.0000288972376671468,2.25377282785506
Prr1,Pdc101,0.000426821487550254,2.40886238200793
Prr1,Pdc1,0.00516107202471046,1.68149311123352
Prr1,Not1,0.000000005986845156075,3.01862921534452
Prr1,Nat10,0.00426656731231974,3.16629189127667
Prr1,Lcb2,0.0000736224871062211,2.12143603279001
Prr1,Seb1,0.0287861910019855,2.28766639527018
Prr1,Atp2,0.00036375710180595,3.62268242225121
Prr1,Rpc11,0.0476919455369512,2.57193391412844
Prr1,Bip1,0.000817769919623436,1.19406059707571
Prr1,Ura1,0.0000000351266065569978,5.6370727349748
Prr1,Pst2,0.0473933368186517,1.30715001718521
Prr1,Rfc2,0.000187922715111401,2.95644632998575
Prr1,Rpn6,0.00000171935054226355,2.60493178154225
Prr1,Shm1,0.00107932026361398,2.67552456939201
Prr1,Fft3,0.00000768805770627514,3.93932785534927
Prr1,Emc1,0.00194917419576317,2.4785304696715
Prr1,Rpa49,0.0364985401554642,2.26980482939035
Prr1,Nde1,0.0000506684435686355,3.25817419282034
Prr1,Rpt5,0.00112010486531056,1.98858991459101
Prr1,Elf1,0.019236948562503,1.96487222282919
Prr1,Abc2,0.000337071403732689,3.55613348612964
Prr1,Orc3,0.0431314776923869,2.44562669948054
Prr1,Ste24,0.00500442613184007,1.97521173933331
Prr1,Avt3,0.00564669209341414,1.57467790519713
Prr1,Fas2,0.00538500179359866,3.06056747450782
Prr1,Tif223,0.00000000519935337055606,3.25423009397325
Prr1,Eft202,0.000319818429044274,2.06857285536654
Prr1,Cut6,1.20603182580405e-11,6.47616248531077
Prr1,Ura3,0.00137339848905591,3.06101571218972
Prr1,Sec21,0.000000000107913967619222,3.92812997908733
Prr1,Vma2,0.00419214416403998,2.34304029742908
Prr1,Rpn10,0.00137339848905591,1.82404506852105
Prr1,Pkp1,0.00000168716749116311,2.49720780254065
Prr1,Rna15,0.00000434392357960135,2.66949010803724
Prr1,Arp8,0.0308557069913721,1.17760954970089
Prr1,SPAC694.02,0.0372716006613842,1.95157707732819
Prr1,Rna14,1.10680271178189e-20,5.22544539418979
Prr1,Ypt5,0.00000779269133451079,2.75644050152418
Prr1,Pcp1,0.00329732807310448,3.91032254443262
Prr1,Sen1,0.00338673237000033,2.63328083519668
Prr1,Sfp47,0.00000285020521030478,2.49942623325334
Prr1,SPAC8C9.04,0.0465595809851393,1.22652553498222
Prr1,Brr2,0.000993624566839645,1.87933625593896
Prr1,Hsp90,0.00158531795162261,2.48477598804826
Prr1,Fas1,0.00274741734962425,3.11833963263391
Prr1,Atd1,0.00010232410159284,3.04843090216456
Prr1,Cta4,0.0111592578443062,1.89160251976178
Prr1,Zip3,0.000269568436113777,2.5235465829109
Prr1,Cdc4,0.00250332080327918,1.90254364301197
Prr1,Paa1,0.000518382024075467,2.08238642337924
Prr1,Rpc82,0.0264460449849838,1.16284480317853
Prr1,Rvb1,0.00151821131567089,1.57847466521253
Prr1,Cct4,0.0000586932858359616,4.23071572989338
Prr1,Lys4,0.00274741734962425,3.12591911013947
Prr1,Cbp1,0.0381733845315068,1.37122922813039
Prr1,SPBC11C11.06c,0.00000000773836428418161,3.65007813170297
Prr1,Naa25,0.00000240721050217494,2.72653802954368
Prr1,SPBC1271.07c,0.0018327675458714,1.74829281677011
Prr1,Dbp5,0.00185367603721011,1.92752614649518
Prr1,Pst1,0.0459982071750838,1.78394861556422
Prr1,Cct1,0.00000667073926064469,2.67150847852898
Prr1,Enp1,0.0000000235954829822227,3.15893672766435
Prr1,Ykt6,0.00000000519935337055606,2.98997146181858
Prr1,Myo1,0.0244080373367583,1.3949099170166
Prr1,Sec26,6.12422010064595e-14,5.65311414035879
Prr1,Kap123,0.00000171935054226355,3.19419437210811
Prr1,Taf51,0.00540160148939277,1.60770031089545
Prr1,Atp4,0.000224424055502592,2.78776725357064
Prr1,Rsm25,0.0335108377048679,1.13024879910105
Prr1,Nda2,0.00000485037176397005,2.61240923338292
Prr1,Rpt1,0.00000046558791835284,4.50236132083463
Prr1,Sec27,0.000000502505553885624,3.27694953864891
Prr1,Scs2,0.0028356167497044,1.66204865818423
Prr1,Pfk1,0.0000499343093457982,1.42161052985291
Prr1,SPBC16H5.08c,0.019236948562503,1.98860218018242
Prr1,Syo2,0.00442238894840117,2.22011728177303
Prr1,Ypt1,0.0000569402965522751,4.01966065992976
Prr1,SPBC1703.13c,0.0146403894582475,2.05050145219094
Prr1,Aha1,0.00000168716749116311,6.13844351142447
Prr1,Mas5,0.00000304133093940478,1.25922217497903
Prr1,Rar1,0.000141482563083587,2.70950446205574
Prr1,Hrd1,0.0300795741795917,1.38878360111976
Prr1,Rpn2,0.0287861910019855,1.55274256300006
Prr1,Tif213,0.000193506437278418,1.76604722231181
Prr1,Eno101,0.00194917419576317,3.12282278912117
Prr1,Mot1,0.00307751616334825,2.89482925761063
Prr1,Lcb1,0.0253259874081557,1.31450163426258
Prr1,Lcf1,0.000907927728084609,3.47802454553797
Prr1,Fba1,0.00965535717612289,2.14960320460265
Prr1,Prs1,0.00358447874184164,2.22663013372532
Prr1,SPBC19F5.04,0.000000754483133393961,4.51218934744559
Prr1,Msh2,0.0193208826304354,2.08384422212861
Prr1,Leu1,0.0335108377048679,2.31692772628347
Prr1,Cct3,0.0000000439198858574762,4.53625065221434
Prr1,Hob1,0.00000175857355303058,3.69963902330998
Prr1,Utp10,0.00284943830764386,2.61861864837424
Prr1,Rpt6,0.00000768512578462615,3.23968350843278
Prr1,Sec28,0.00000285786609678285,2.52384016263135
Prr1,Gga22,0.000170686425423567,1.94069879650763
Prr1,Grx4,0.0000143983163882084,2.90577376144717
Prr1,Nda3,9.03543808633112e-18,4.55417467274849
Prr1,Grn1,0.0298830581703256,1.99086096092337
Prr1,Pga2,0.00128110949043184,2.01028124603918
Prr1,Tom40,0.00133714122118936,3.24315451092282
Prr1,Cbp7,0.0435147177059395,1.43475609034911
Prr1,Pom152,0.000416983829217377,3.10966001783901
Prr1,Orc1,0.017842193298308,2.60534480026666
Prr1,Cyt1,0.0421027724681632,1.52166997253102
Prr1,Sec22,0.00085154811969836,2.03863530708003
Prr1,Pmr1,0.0167771397811279,2.41217094986556
Prr1,Sar1,0.0120504521321129,2.42602808550724
Prr1,Hip3,0.00640058240384563,2.78405510527913
Prr1,Act1,0.0000000337290079179373,1.46564996137
Prr1,Cct8,5.35703570214136e-12,5.78830294142959
Prr1,Sre2,0.019236948562503,2.22565151020681
Prr1,Vac8,0.0000000378231533872114,3.15922923921126
Prr1,Arp5,0.00965483149884692,1.29155317948053
Prr1,Grp2,0.0315986025838687,1.50245571499209
Prr1,SPBC365.16,0.00751172911951583,2.22235155291487
Prr1,Rpa43,0.000000502505553885624,3.49517505443083
Prr1,Pdi3,0.0000103368318238296,2.53649185431523
Prr1,Lac1,0.0384807208070414,2.61011225149414
Prr1,Erg26,0.0000145298017449991,3.27210761538751
Prr1,Kgd1,0.0135595707624087,1.54375891076767
Prr1,Rpt2,0.00000000773836428418161,4.24026766481291
Prr1,Shr3,0.000356346919794012,3.25974228313145
Prr1,Nuc1,0.0361026979355981,1.8891186001487
Prr1,Arf1,0.00000304133093940478,3.19930947795412
Prr1,Clu1,0.0262270431700675,2.52141751667942
Prr1,Anc1,0.0000270101459152864,1.52327901665464
Prr1,Pim1,0.00351764332445929,1.5145751200288
Prr1,Puf1,0.0307011280652584,2.31064468135542
Prr1,Arg5,0.0000147449214943862,3.13995865652275
Prr1,Cct6,0.000000926602348968132,4.68188713025885
Prr1,Orc5,0.00601775550000714,2.94329476771838
Prr1,Nog1,0.0170982505011748,2.45569888049184
Prr1,Ssb1,0.00265235745785605,1.25697086472915
Prr1,Erg1,0.000000963570336751983,3.14614560450858
Prr1,Rfc5,0.000134917799410279,2.92876133914123
Prr1,Rpc31,0.00894937272171885,1.65452183759975
Prr1,Mts4,0.000000106996384036163,3.98441680480161
Prr1,Orc4,0.0162670321363535,1.69234692962573
Prr1,Qcr1,0.000424527647669562,3.86288736088181
Prr1,Ilv1,0.0000000737266551142086,2.71803259915155
Prr1,Lcf2,0.00104346414931108,2.23397653069616
Prr1,Cop1,0.00000378040916508725,3.08621983051624
Prr1,Dfr1,0.00137339848905591,1.54722045889145
Prr1,Bio2,0.005937001284377,2.27320091613165
Prr1,Fft2,0.0269205970745318,8.02705880734614
Prr1,Ags1,0.0234450250315505,1.71464197128635
Prr1,Adh1,0.000551177910283538,1.65366602854217
Prr1,Cdc31,0.0352715651425256,2.38891433870493
Prr1,Ggc1,0.0000795113476358011,2.3627206860387
Prr1,Rpt4,0.00076081258508487,2.56789547377101
Prr1,Oca8,0.00738117638248791,2.66409887543438
Prr1,Cox13,0.0108942383215008,1.76063935162306
Prr1,Ssb2,0.0182693786553907,1.61655063910933
Prr1,Amk2,0.0000152164101772578,2.43021003246363
Prr1,Rhp7,0.0488256282956017,1.65595040081214
Prr1,Mam301,0.00249795865603838,1.96327900267406
Prr1,Nmd5,0.00630146123821031,1.96228544409066
Prr1,Rpt3,0.000000486042944913424,4.079287654013
Prr1,Sup35,0.0404119411214642,1.75989688809658
Prr1,Mgl1,0.00137339848905591,1.9466949562799
Prr1,Qcr2,0.000740440566171801,3.0206517260279
Prr1,Qcr7,0.0348539284591462,1.37617716012184
Prr1,Mdn1,0.00910176473271478,1.70195576993171
Prr1,Ssp2,0.000673542965228821,1.8187675784956
Prr1,Lat1,0.033321451440971,2.93912096777848
Prr1,Psy1,0.00110551943641405,1.92276249696412
Prr1,Tcb1,0.00910176473271478,1.52207973542371
Prr1,Vma8,9.72055499858339e-20,5.09806501036543
Prt1,Nht1,0.00859275043570746,1.60311592244606
Prt1,Pss1,0.0217037861437837,1.38889377363894
Prt1,Idh1,0.0398232688783896,2.48335636822385
Prt1,Cox4,0.0207178916859394,1.98516989506198
Prt1,Toe2,0.0135225533079587,2.7884467361569
Prt1,Ssa1,0.0000100609343616506,2.92195997611354
Prt1,Rad50,0.0034042043436276,1.81691544860095
Prt1,Rpc19,0.0317100313624529,1.41379432435765
Prt1,Dal2,0.0034042043436276,3.04817923687916
Prt1,Atp2,0.0229931752840872,2.72282204919572
Prt1,Ura1,0.0317100313624529,2.80295702355591
Prt1,Rfc2,0.0246273316942837,2.12077465980949
Prt1,Loz1,0.0269315220355665,1.43620620420154
Prt1,Mga2,0.00155341735294031,2.76582406511478
Prt1,Hsf1,0.0419846578995794,1.32242924211132
Prt1,Nde1,0.00291936042236925,2.81852018524561
Prt1,Sak1,0.0216979415532859,1.44758474609081
Prt1,Fas2,0.0259611010288349,2.78410041893208
Prt1,Rer2,0.00913225910375764,2.72452910320643
Prt1,Rpc2,0.00444427427679171,1.39657128059396
Prt1,Swc3,0.0366471431063019,1.64586283047269
Prt1,Cut6,0.00332640760734743,3.58272099447284
Prt1,Ypt5,0.00676854214127699,1.99958142726805
Prt1,Sen1,0.00444427427679171,2.83203817199133
Prt1,Moc3,0.00380851394171474,3.24987692400022
Prt1,Fas1,0.0108413899653159,2.97074367249514
Prt1,Cbh1,0.00919282897628277,2.36411886026757
Prt1,Zip3,0.00469842777196117,2.23188569437177
Prt1,Rpc82,0.00332640760734743,1.61782030727108
Prt1,Rpc17,0.0108413899653159,1.55546549488551
Prt1,Rvb1,0.0259611010288349,1.28564985990542
Prt1,Cbp1,0.0319479771029202,1.53924086103887
Prt1,Zas1,0.000992954606652616,2.21392759850363
Prt1,SPBC11C11.06c,0.0000100609343616506,3.10910889680339
Prt1,Rpc40,0.00227954109203407,1.4005938788589
Prt1,Cbh2,0.0323407034003412,2.42799242938024
Prt1,Atp4,0.00291936042236925,2.59581029632189
Prt1,Ypt1,0.0216979415532859,2.77191308648872
Prt1,Aha1,0.0150824105698487,3.79604751491081
Prt1,Mas5,0.000428486592272139,1.10207130437385
Prt1,Lcf1,0.0108413899653159,3.04004453621918
Prt1,SPBC19F5.04,0.00429533991554555,3.13064691441375
Prt1,SPBC21C3.15c,4.65440564594152e-16,6.78047577393202
Prt1,Hob1,0.00897707972206532,2.45168235178486
Prt1,Toa1,0.0133997319619576,3.97510525980842
Prt1,Atp7,0.0320312321219174,1.94604224887846
Prt1,Orc1,0.033871544285252,2.59017961715741
Prt1,Hmt2,0.00897707972206532,3.63198434243817
Prt1,Hip1,0.0150824105698487,2.46799785423261
Prt1,Hip3,0.00291936042236925,3.33769957444301
Prt1,Gpd3,0.00211650567188427,4.04475480693165
Prt1,Arp5,0.00574994451788448,1.49130589871566
Prt1,Erg26,0.0120885519945342,2.27189011566233
Prt1,Anc1,0.00859275043570746,1.13603449805094
Prt1,Pku80,0.0402038333642351,2.4725672051162
Prt1,Cct6,0.0200797832398628,2.75642182296555
Prt1,Rpc1,0.00876923733164784,1.22850625892689
Prt1,Orc2,0.0246273316942837,2.50725690898647
Prt1,Rvb2,0.00380851394171474,1.04086817174331
Prt1,Rpc31,0.00463105154862045,1.93592464930413
Prt1,Hip4,0.043145262437695,2.24971514881875
Prt1,Ght5,0.00469842777196117,1.72508207594338
Prt1,Pku70,0.0216979415532859,2.3066493642096
Prt1,Cox13,0.00291936042236925,2.21452476761853
Prt1,Ssa2,0.00000017019531523054,1.65642122056521
Prt1,Rpc53,0.00964902768263816,1.79638606504112
Prt1,Gaf1,0.0229931752840872,1.75161922414129
Prt1,Rhp16,0.00601190769223481,2.31930938392027
Prt1,Rhp7,0.00385254495044493,2.50289966361969
Prt1,Rpc37,0.0205441155923369,1.37022350436038
Prt1,Mam301,0.014309453368983,1.79756398282526
Prt1,Mdj1,0.0402038333642351,1.97681211806115
Prt1,Nmd5,0.0000402207954360104,2.98040035636361
Prt1,Tpx1,0.0256072146795744,2.41384800243109
Prt1,SPCC594.02c,0.0419846578995794,1.48503607928402
Prt1,Cob1-I1,0.0366471431063019,2.16072990833642
Reb1,Rpa43,0.028889350442893,2.37809442134973
Reb1,Mcm2,0.0129232132966775,4.40152904595574
Res2,Rpn502,0.00618416170338789,1.8966819270332
Res2,Fip1,0.0495208044281386,2.11743591580187
Res2,Lrs1,0.00522193931542191,3.61179960436913
Res2,Vma2,0.000336209134418615,2.48020902447477
Res2,Nrm1,0.0000000405001330237464,8.04874415262947
Res2,Yox1,0.0000000720827189804425,8.62653627387505
Res2,Cdc10,0.0000000720827189804425,10.8455929471618
Res2,Res1,0.000000377784627809388,9.71562675941992
Res2,Mam33,0.000838237890138062,4.61134378964041
Rst2,Mcp60,2.75737334928896e-12,7.43310841555829
Rst2,Taf12,0.00136563185803605,2.19941059925448
Rst2,Rad25,0.000803370403920253,4.61599908206061
Rst2,Yaf9,0.0000000216377571275084,3.59339669347494
Rst2,Tra2,0.00000207311424909615,4.49740925969051
Rst2,Ura1,0.002549318983693,2.81086108223858
Rst2,Png1,0.000000438011378692328,3.75940885231798
Rst2,Spt20,0.000000687763070692232,3.36201005074493
Rst2,Cut6,0.000462611426251151,3.01685805002172
Rst2,Mst1,0.00624762939462121,1.68370671662718
Rst2,Eaf6,0.0155066671278645,2.80575795942827
Rst2,Rad24,0.00338258213210172,5.98424656322816
Rst2,Swc4,0.0000000816909411475613,4.91443868698453
Rst2,Lys4,0.000102368103970194,2.35862021230338
Rst2,Bdc1,0.000606016516729025,2.15663635956505
Rst2,Taf10,0.000000614830359379737,2.84977110551433
Rst2,Sus1,0.0000153179379718556,2.68048100437762
Rst2,Tra1,0.000000756710953885942,2.71373543027429
Rst2,Vid21,0.000000357801675153851,4.16058752638259
Rst2,Ada2,0.00436564777467986,1.82034164623084
Rst2,Cox5,0.0000415494511363082,2.85756314936142
Rst2,Mdj1,0.00000164628720601629,3.22775207378797
Rst2,Spt3,0.0000000216377571275084,3.32662921244987
Rst2,Epl1,9.50363845782609e-12,4.02689931016608
Rsv1,SPBC1652.02,0.021256265332552,3.03942063868353
Rsv1,Rps21,0.021256265332552,1.62715204033041
Scr1,Tup11,1.39019773853333e-11,3.92973004651846
Scr1,Tup12,9.32502106396897e-11,3.51180500881693
Scr1,Rpc10,0.0484100742541901,3.63924901366794
Scr1,Ssn6,2.04000964135225e-11,3.9137114116399
Scr1,Mmb1,0.0150678989119869,2.19659480634306
Scr1,Gga22,0.0130937061882941,1.54781684666649
Sep1,Rpp203,0.0428245382044637,2.72119980669974
Sep1,Sec18,0.00408859264015696,2.37010640123924
Sep1,Bgs3,0.0324776865282887,2.57629625728495
Sep1,Srp14,0.0166180711366011,2.26336573560529
Sep1,Spt6,0.0034597497522942,2.49759534650156
Sep1,Vma2,0.0214129424161721,2.50871652758251
Sep1,Rps5,0.00564539421702476,5.95882712601448
Sep1,Rpl2102,0.0324776865282887,1.38121823180327
Sep1,Rpp202,0.00156091801755854,5.07119114539248
Sep1,Smi1,0.0214129424161721,2.56143633414202
Sep1,Rpl3601,0.031231935502391,1.35081373501778
Sep1,Rps1002,0.0492616718913216,1.00183084103333
Hsr1,Rim1,0.0020528476490848,1.78993179430805
Hsr1,Pcp1,0.000898497718569808,5.16566487439187
Hsr1,Msh2,0.000898497718569808,3.31355795225694
Hsr1,Ssb1,0.0330753006855674,1.29299844053766
Hsr1,Mcm3,0.0330753006855674,2.05441510744499
Grt1,Rpp203,0.0151572864241379,3.04816437837489
Grt1,Cox1102,0.00540018971189018,1.89182605436678
Grt1,Cdc48,0.00260815015469146,5.3331614685705
Grt1,Dri1,0.0176189820216623,2.458762928501
Grt1,Pro2,0.0427929149918842,2.50322117139164
Grt1,Rpl3802,0.0174383927673186,2.21605965770186
Grt1,Btf3,0.0471520943407832,1.51190921758541
Grt1,Uaf2,0.00480961648145604,3.50971083090187
Grt1,Rps1901,0.00973023479608296,1.24134318661706
Grt1,Rpl3801,0.006797550846638,1.29399797816044
Grt1,Mdh1,0.0176189820216623,1.87820178009869
Gsf1,Mcp60,0.0000739481655050375,4.61800641996681
Gsf1,Bip1,0.00287595177013402,1.29720169500138
Gsf1,Rpb11,0.0000216642920702507,3.82278350896291
Gsf1,Rpc82,0.0268352598816791,1.51721802684053
Gsf1,Cbp1,0.0339076285146053,1.81371446321248
Gsf1,Rps21,0.0300749983595621,1.45415988783182
Gsf1,Mcm2,0.0221757423822561,4.11226302275136
Gsf1,Rpc53,0.0339076285146053,1.81927769842572
Klf1,Byr3,0.00624274991006605,2.81069791891889
Sre1,Pma1,0.0124271612148876,1.08205278401654
Sre1,Cdc48,0.00293809916063398,4.97098723724069
Sre1,Imp3,0.00493008406626513,2.5154914864103
Sre1,Mpp10,0.000683601145701586,2.16573993281944
Sre1,Rpp101,0.0232785834897628,1.91772731203011
Sre1,Rps5,0.00312236220611391,6.03316747430954
Sre1,Rps27,0.0399607905718029,1.32164383996747
Sre1,Syo2,0.0232785834897628,2.25699897741328
Sre1,Hrd1,0.0103002286771307,1.901913716843
Sre1,Rpl1701,0.0117348353888104,1.27062950644298
Sre1,Scp1,1.61521686396554e-19,4.73561100714629
Sre1,Rpl3801,0.0103002286771307,1.19331284364293
Sre1,Tsc13,0.0386203701722799,1.67984114399421
Sre1,Rps1701,0.0133339607091865,1.62060299973696
Sre1,Rpl402,0.0330741809336596,1.17737348138987
Sre1,Hmg1,0.00683807523704524,1.37735832719444
Sre1,Psg2,0.0466867913920608,2.95479760825071
Stb3,Fhl1,4.07625854398073e-38,7.77538954352133
Stb3,Hhf2,0.00019333915741591,1.59856478995235
Stb3,SPAC22E12.18,0.00849011138304629,1.34051136664794
Stb3,Asc1,0.0246357218518356,1.41065438894133
Stb3,Rpf1,0.0230100005824888,2.18392416444183
Stb3,Rad24,0.000255422315954936,4.12673699721346
Stb3,Cdc4,0.0236098835057868,1.69913266627016
Stb3,Pht1,0.00672916351028937,2.02583074787257
Stb3,Pob3,0.00422025277823407,1.13940859729112
Stb3,Nop56,0.0211695806557782,1.66692439099187
Ste11,Idh1,0.00123474726689477,3.77545472385867
Ste11,Arp2,0.000305614885556189,2.71913184127305
Ste11,Rad25,0.0114309004950476,3.65531779427522
Ste11,Slt1,0.00059709127735113,3.0903186942172
Ste11,Dri1,0.0452779239972516,2.03840787288461
Ste11,Hhf2,0.0292221241576815,1.14127430075982
Ste11,Rps7,0.00557350523608749,1.09219921953568
Ste11,Ura1,0.00974912298450685,3.45131686004744
Ste11,Zip1,0.0185346882470865,3.0056029401026
Ste11,Rps2802,0.0173811600930114,1.37937074901511
Ste11,Cut6,0.0292221241576815,2.97896100472205
Ste11,Rps5,0.00209281944307212,6.03092559255169
Ste11,Rad24,0.0022086052666216,3.80149320374573
Ste11,Atd1,0.0175472908629406,2.37364838766512
Ste11,Swc4,0.0246444032584352,2.64850932430414
Ste11,Cig2,0.0000303276929737362,2.67798573155649
Ste11,Lsb4,0.0497315608438035,1.63138462025598
Ste11,Lys4,0.00209281944307212,3.61560411729154
Ste11,Cdc2,8.43873726184286e-16,4.48058241549106
Ste11,Sec26,0.00181917604901287,3.1001665855425
Ste11,Sec27,0.038012371705522,1.86722526776491
Ste11,Pfk1,0.0292221241576815,1.00332325480571
Ste11,Aha1,0.00560779149815687,4.42614273381194
Ste11,Nrs1,0.00137362675751969,3.0960950580324
Ste11,Leu1,0.0357397971687893,2.72677962104625
Ste11,Hob1,0.00557350523608749,2.68761799353269
Ste11,Rpl1701,0.0292221241576815,1.11345990407393
Ste11,SPBC365.16,0.0438925830296439,2.0952550660959
Ste11,Ilv1,0.000305614885556189,2.19277453320872
Ste11,Rpl402,0.0375812412885749,1.10089806831195
Ste11,Cop1,0.0226811764555928,2.01507684959441
Ste11,Vid21,0.0497315608438035,2.48539498076518
Ste11,Mdj1,0.0212968725010271,2.33525138111888
Ste11,Tpx1,0.00181917604901287,3.30401759901354
Ste11,Epl1,0.00181917604901287,3.35757159299227
Thi5,Thi1,0.0398746831466021,3.23781885318457
Thi5,Gdt2,0.00889946794227772,3.71298276970092
Thi5,Bgs3,0.0398746831466021,2.59596850562889
Thi5,Rpl2102,0.032248219062164,1.44200542218223
Thi5,Ags1,0.0398746831466021,2.14367561856634
Toe1,Pma1,0.000124983590494633,1.36147915339324
Toe1,Vtc2,0.0283311728542253,2.74899064776263
Toe1,Bgs3,0.0000676090635722856,3.51451735579225
Toe1,Vht1,0.0233566613032047,2.79193021734322
Toe1,Dnf2,0.018551075434832,2.26980735861309
Toe1,Abc2,0.0115506683092392,2.87544312261244
Toe1,Aur1,0.0096993247508803,2.87651127692044
Toe1,Mnn9,0.0096993247508803,2.26670217867417
Toe1,Vma2,0.00799752006082243,2.39213801868505
Toe1,SPAC644.13c,0.0298251903676533,2.41505899685591
Toe1,Neo1,0.0157917946670757,2.47899056913101
Toe1,Pvg1,0.0367699293426603,2.45152656011053
Toe1,Pcl1,0.00440522947980722,2.92148745552348
Toe1,Tif307,0.00874749197150463,1.60740531329417
Toe1,Pmr1,0.0228945406347519,2.5359189754332
Toe1,Aat1,0.00818107718493368,1.38101564907118
Toe1,SPBC3B8.06,0.00842860803556227,3.1774627837719
Toe1,SPBC460.01c,0.0029360331018273,1.35583196331928
Toe1,SPBC887.02,0.0367699293426603,1.74124631169451
Toe1,Gmh4,0.0438244230970804,2.18695126278541
Toe1,Ags1,0.000311662004759048,2.65944446790729
Toe1,Hmg1,0.000216174908117854,1.57752479935001
Toe1,Bgs4,0.00799752006082243,1.46033727125414
Toe1,Bfr1,0.000000337568019451393,3.59750422267518
Toe1,Mdh1,0.0096993247508803,1.75591535222379
Toe1,Hmt1,0.00818107718493368,2.24065911755467
Toe2,Rpl2701,0.0299586578410559,1.5273157278561
Toe2,Hel2,0.0226167800263785,2.61741180469057
Toe3,Tlc4,0.00107594569633488,2.80163157821584
Toe3,Lac1,0.0448791576429152,3.31338247864566
Toe4,Byr3,0.0303915993797291,2.54038772625842
Zip1,Cdc48,0.0216104941271141,4.81606035175686
Dal81,Noc201,0.00923348754169364,2.45786309221563
Dal81,Utp8,0.00382351719633046,2.18853816316296
Dal81,Ecm33,0.0196794600486252,2.28120395315118
Dal81,Pdi2,0.0450214920076699,1.57528333898925
Dal81,Ckb1,0.00382351719633046,2.1982362802602
Dal81,Gcn1,0.0000116365100598055,4.68282288094403
Dal81,Nan1,0.00547505362764495,1.99229898731497
Dal81,Has1,0.0240330783491937,1.12189822947483
Dal81,Utp5,0.00382351719633046,2.07864665950369
Dal81,Rlp24,0.0313284854121197,2.44577654194732
Dal81,Pet1,0.0270088352472558,2.87032738040743
Dal81,Nop58,0.00487286512778498,2.58873405908774
Dal81,Shm1,0.00382351719633046,2.74617350243887
Dal81,His1,0.00382351719633046,2.11022595284857
Dal81,Rfc3,0.00382351719633046,2.38987078103022
Dal81,Cbf5,0.00382351719633046,1.55262781726605
Dal81,Ddx27,0.0240330783491937,1.74860466860961
Dal81,Noc1,0.0488219423348511,1.56457214945124
Dal81,Cut6,0.0458658216397564,2.81325203321202
Dal81,Snu13,0.00288339294184257,4.73396754027309
Dal81,SPAC694.02,0.0476485651332873,2.23643077754407
Dal81,Neo1,0.0464278117388151,2.32058316454506
Dal81,Tif308,0.000000085393031456673,1.64400081729438
Dal81,Ytm1,0.0255039244531026,1.93314978038487
Dal81,Utp7,0.00382351719633046,3.30987193694548
Dal81,Ubc4,0.000000085393031456673,3.82423226213753
Dal81,Thi7,0.00841854800475826,1.93089430777021
Dal81,Dbp3,0.027154654663771,2.26649000286396
Dal81,Krs1,0.0415509203763789,2.39132327292801
Dal81,Prs1,0.0406835213639961,1.99916033615714
Dal81,Utp4,0.00288339294184257,2.11696096251425
Dal81,Utp10,0.014173360810041,2.59716160860015
Dal81,Ccc2,0.0306254455695386,1.9322656438049
Dal81,Utp18,0.00382351719633046,1.89359419126995
Dal81,Fib1,0.00382351719633046,1.21522481234659
Dal81,Sre2,0.0450214920076699,2.34622425693721
Dal81,SPBC365.04c,0.0361452384387115,1.97821168154966
Dal81,Dip2,0.0476485651332873,1.5082063693831
Dal81,Hhp1,0.0108996590559483,2.31262386054752
Dal81,Utp15,0.0190535180495717,2.14691496603167
Dal81,Nop56,0.00382351719633046,2.06205233876052
Dal81,Erg1,0.0107647649322925,2.10861023355718
Dal81,Wdr74,0.0238125083920867,2.22666635036856
Dal81,Tuf1,0.00382351719633046,2.14439283790037
Dal81,Rpa12,0.0108996590559483,1.77945961811699
Dal81,Utp502,0.00808921959582265,1.6796885730472
Dal81,Utp21,0.00137773696722457,2.57069201683051
Dal81,Utp13,0.0206603296358115,1.7904126456234
Dal81,Phf1,0.00346362250211548,2.15642989160124
Dal81,Toa2,0.0222496690569539,2.00660575265453
Dal81,SPCC825.01,0.021618359065308,2.35961887578626
SPAC11D3.17,Noc201,0.0340479540790503,1.95797950033381
SPAC11D3.17,Cox4,0.0164298191529598,1.99541560933087
SPAC11D3.17,Sdg1,0.00201092903038114,2.27945100649265
SPAC11D3.17,Oac1,0.00123899363135799,2.72038519173278
SPAC11D3.17,Erg11,0.0128262566674067,2.72656452186805
SPAC11D3.17,Sdh2,0.0000219521473630956,2.86030349857231
SPAC11D3.17,Vtc2,0.0140408166519283,2.93281510590668
SPAC11D3.17,Sdh1,0.00000122950965137601,3.46767769922223
SPAC11D3.17,Utp8,0.0232922157896717,1.71141411006216
SPAC11D3.17,Cdc48,0.0140408166519283,3.85581396485039
SPAC11D3.17,Ecm33,0.0278043170453147,1.99749535282962
SPAC11D3.17,Slt1,0.0109005605992682,2.28636554168758
SPAC11D3.17,Fsf1,0.0235286661062584,1.50845807084974
SPAC11D3.17,Tom22,0.0000603682852769258,2.25542558797985
SPAC11D3.17,Alg9,0.0316055769932502,1.3942771033162
SPAC11D3.17,Ypt3,0.00455711379312559,2.71444530013029
SPAC11D3.17,Erg5,0.00000128934772734171,4.35228935011397
SPAC11D3.17,Trp2,0.000430522088567155,2.54504865349848
SPAC11D3.17,Gas1,0.009903039511449,1.42137963538981
SPAC11D3.17,Tcd1,0.00064158047702568,2.22920474278382
SPAC11D3.17,Cox6,0.00169908118316087,2.31116027400549
SPAC11D3.17,Rho1,0.0000603682852769258,3.1766811620819
SPAC11D3.17,Pdc101,0.0124418048085367,1.94559989390754
SPAC11D3.17,Nat10,0.0144378636691554,2.98828246384071
SPAC11D3.17,Ura1,0.0120327313766902,3.14007326620537
SPAC11D3.17,Shm1,0.000000298073967036106,4.0386740421441
SPAC11D3.17,Fft3,0.0433119789654042,2.23086397766271
SPAC11D3.17,Tif51,0.00713244835427431,2.28972700228735
SPAC11D3.17,Rfc3,0.00274426477750273,2.28012139835213
SPAC11D3.17,Cbf5,0.0046628637376248,1.43693634106238
SPAC11D3.17,Sec67,0.0120327313766902,2.01512997756297
SPAC11D3.17,Nde1,0.00077905163628807,2.94994184111962
SPAC11D3.17,Rpt5,0.0144378636691554,1.67826271229393
SPAC11D3.17,Cnx1,0.0237026563454361,4.33538889427967
SPAC11D3.17,Grs1,0.000000000791845108045777,3.25579624076539
SPAC11D3.17,Ste24,0.000349101653518782,2.59317930112568
SPAC11D3.17,Noc1,0.000517518635573572,2.22767842767631
SPAC11D3.17,Pyk1,0.0340479540790503,2.35359540811047
SPAC11D3.17,Eft202,0.00176844286942092,1.95353835553191
SPAC11D3.17,Cut6,0.00000089693437398461,5.17510150703496
SPAC11D3.17,Tif52,0.0387637267137083,2.55454518306966
SPAC11D3.17,Ura3,0.00224727361994129,3.13705424776501
SPAC11D3.17,Sec21,0.0000564345376096794,2.79320486188886
SPAC11D3.17,Snd302,0.0418042302812377,1.45316120279952
SPAC11D3.17,Snu13,0.00639121586809901,3.97064160120497
SPAC11D3.17,Rex1,0.000720098545410245,1.91647720019915
SPAC11D3.17,SPAC694.02,0.0232922157896717,2.25819411213587
SPAC11D3.17,Tom70,0.000363796371157235,1.6188294051147
SPAC11D3.17,SPAC9.02c,0.00531230459855249,2.20390471558024
SPAC11D3.17,Utp7,0.0218884191044676,2.49832669702756
SPAC11D3.17,Atd1,0.000927377403925016,2.82029108252177
SPAC11D3.17,Cta4,0.00064158047702568,2.56300194922149
SPAC11D3.17,Rrp12,0.00848824971269774,1.48902957897799
SPAC11D3.17,Cct4,0.00405702832476991,3.43291948247216
SPAC11D3.17,Ubc4,0.00000000955072438147621,3.96973513043206
SPAC11D3.17,Dbp5,0.00215563423518818,2.03176333800866
SPAC11D3.17,Cct1,0.00711810890648106,1.87608531192732
SPAC11D3.17,Scj1,0.00000398661788053429,2.58218380453268
SPAC11D3.17,Myo1,0.0450757288563033,1.38123310964477
SPAC11D3.17,Sec26,0.00000159846441145262,4.07043550147897
SPAC11D3.17,Kap123,0.00022745103423417,2.73620610316729
SPAC11D3.17,Atp4,0.045193533351742,1.82951071849588
SPAC11D3.17,Rpt1,0.000504968665411519,3.5064695728916
SPAC11D3.17,Qcr6,0.0133542166251307,2.05775213712579
SPAC11D3.17,Aha1,0.00224727361994129,4.47897796845337
SPAC11D3.17,Spp41,0.045068831286168,2.68771176388969
SPAC11D3.17,Dbp3,0.049586564174489,1.91305591848764
SPAC11D3.17,Krs1,0.0418042302812377,2.1781308310135
SPAC11D3.17,Lcb1,0.00570180742070983,1.67629449725909
SPAC11D3.17,Prs1,0.00721357847393821,2.24014663906497
SPAC11D3.17,Utp4,0.0377453430567011,1.43481466061367
SPAC11D3.17,Sac11,0.000000028492221164737,3.73461073975824
SPAC11D3.17,SPBC19F5.04,0.00455711379312559,3.03427563558689
SPAC11D3.17,Cog5,0.00000487130349392116,2.91868792451618
SPAC11D3.17,Cct3,0.000504968665411519,3.30908586221345
SPAC11D3.17,Scr1,0.0340479540790503,3.00178447976786
SPAC11D3.17,Utp10,0.0199102657492817,2.29953060170445
SPAC11D3.17,Rpt6,0.0046628637376248,2.3741540883667
SPAC11D3.17,Tom40,0.0109152923919657,2.88126604526202
SPAC11D3.17,Cbp7,0.0267042917324062,1.67723431175387
SPAC11D3.17,Toa1,0.0249828092042399,3.63136141234125
SPAC11D3.17,Atp7,0.0441237273495135,1.84973983743563
SPAC11D3.17,Utp18,0.0154477894988909,1.52135585086448
SPAC11D3.17,Cyt1,0.00062216580042867,2.49397536569597
SPAC11D3.17,Fib1,0.0140408166519283,1.00288018068719
SPAC11D3.17,Cct8,0.00721357847393821,2.83504506191474
SPAC11D3.17,Sre2,0.009903039511449,2.59035833676227
SPAC11D3.17,SPBC365.16,0.00530068936110843,2.4721796125263
SPAC11D3.17,Erg26,0.00355617835987434,2.52254453951362
SPAC11D3.17,Rpt2,0.000020785540870127,3.43452513123718
SPAC11D3.17,Sec66,0.0390451542356973,1.70493831112168
SPAC11D3.17,Mlg1,0.0153682712201053,1.54029462657871
SPAC11D3.17,Utp15,0.0165498928533831,1.98540572043834
SPAC11D3.17,Arf1,0.000731379885417171,2.58703438171909
SPAC11D3.17,Arg5,0.0388870403667972,1.8576720721413
SPAC11D3.17,Erg9,0.00000487130349392116,5.15264618852946
SPAC11D3.17,Nop56,0.00713244835427431,1.79425938488825
SPAC11D3.17,Cct6,0.00934725749860072,2.95727444290356
SPAC11D3.17,Tim16,0.00252928167681093,1.7679134083551
SPAC11D3.17,Erg1,0.000927377403925016,2.3942963134867
SPAC11D3.17,Hob3,0.00111499800046781,2.0260540665266
SPAC11D3.17,Tuf1,0.0000000938207913073531,3.27764001243224
SPAC11D3.17,Ilv1,0.00196796568456534,1.82399534090954
SPAC11D3.17,Lcf2,0.0000000364102107581881,3.55917963244674
SPAC11D3.17,Cop1,0.000594939219576103,2.56606644414555
SPAC11D3.17,Dfr1,0.0388870403667972,1.17620342886807
SPAC11D3.17,Rpa12,0.00605215616100846,1.76424991696792
SPAC11D3.17,Qcr9,0.000649392113145636,2.24875102605515
SPAC11D3.17,Ggc1,0.00278695624670854,1.99816672150256
SPAC11D3.17,Cox5,0.0287489029535293,2.1783102732563
SPAC11D3.17,Mdj1,0.00798919004214759,2.4020544345867
SPAC11D3.17,Nmd5,0.0120327313766902,1.97334741809564
SPAC11D3.17,Rpt3,0.000436727052275059,3.21443897565526
SPAC11D3.17,Qcr2,0.0340479540790503,2.23011727548617
SPAC11D3.17,SPCC825.01,0.0118567780027085,2.32704572096496
SPAC11D3.17,Psi1,0.000363796371157235,2.48867304247732
SPAC11D3.17,Puf6,0.0214416288352422,2.25046604149298
SPAC1327.01c,Frp1,0.000148393244709472,2.52056954409737
SPAC1327.01c,Rps401,0.0000638904354544513,4.54923080872268
SPAC1327.01c,Gpd3,0.00000729519834927623,5.2204550641371
SPAC25B8.11,Spe1,1.80512397665733e-43,8.26265210821707
SPAC25B8.11,Puf4,1.36131445294699e-21,5.48883236870088
SPAC25B8.11,Alp14,7.48693564204265e-32,6.68813680213232
SPAC2H10.01,Ept1,0.00660636870005628,2.40025401578387
SPAC3C7.04,Rps401,0.00503212952770725,3.93141857576945
SPAC3C7.04,Sec13,0.000000632051126381743,2.94238017875287
SPAC3C7.04,Gua1,5.83449046213805e-14,4.73388751239646
SPAC3F10.12c,Phb1,0.0335966057510342,1.80248027946121
SPAC3F10.12c,Lac1,0.00652797803937818,3.59667765470585
SPAC3F10.12c,Yta12,0.00175391708837952,2.73360116833886
Ntu1,Ntu2,1.44920677998467e-17,9.3382138365165
SPBC1773.16c,Apm1,0.0436518595441222,1.86705946444112
Ntu2,Mcp60,0.00000267482936296783,5.05324690447402
Ntu2,Cdc48,0.0279717052794748,4.04130351689092
Ntu2,Ost1,0.000000000938548402846711,1.93410746018794
Ntu2,Cmb1,0.00595292896248109,1.48093080844243
Ntu2,Ost2,0.000782331410339981,2.51698201826641
Ntu2,Ost3,0.0000874143047807704,2.49002705207795
Ntu2,Stt3,6.3974687005042e-17,2.38915930897935
Ntu2,Ogm4,0.0143497696359476,2.26566965262121
Ntu2,Rbk1,0.0000272360995951491,2.56443847485292
Ntu2,Ntu1,2.46001124405066e-27,11.2343902251352
Ntu2,Yta12,0.00694913826378865,2.63445900665607
Ntu2,Its8,0.0421749730256621,2.00656407942002
Ntu2,Ole1,0.00494501272535686,1.12619990542074
Ntu2,SPCC1450.15,0.00509697043527438,2.01418862811006
Ntu2,Wbp1,1.54512197747893e-14,1.96612315806231
SPBC530.11c,Rps801,0.0211714298560181,3.7313398810973
SPBC530.11c,Put4,0.000000120936130726108,4.35856155482681
SPBC56F2.05c,Fur4,0.0167154605932154,1.886764747184
SPBC56F2.05c,Hta2,0.00759124312669298,1.04116132303273
SPBC56F2.05c,Fip1,0.00458053186265215,2.53050220843674
SPBC56F2.05c,Yip5,0.00455160527809634,3.09162072454156
SPBC56F2.05c,Mrp4,0.033736856721635,1.38990451463898
SPBC56F2.05c,Ifs1,0.00323378059225845,2.38993318100265
SPBC56F2.05c,Fsv1,0.016598746714719,6.29474331500536
SPBC56F2.05c,Put4,0.00455160527809634,2.70378983492051
SPBC56F2.05c,Ptr2,0.0364718468536725,1.12737153851995
SPBC56F2.05c,SPBC1652.02,0.00595886107745518,2.8714350300063
SPBC56F2.05c,Pho841,0.00711658690462259,2.2869021905522
SPBC56F2.05c,Tvp23,0.0069735043003818,1.90944145166306
SPBC56F2.05c,Hpz1,0.0171840989555249,2.69496822856804
SPBC56F2.05c,Aat1,0.0278728609659453,1.21960895742969
SPBC56F2.05c,SPBC887.12,0.0230522739121956,2.27543707212728
SPBC56F2.05c,Pho84,0.0211473666614823,1.27483732683806
SPBC56F2.05c,Ght5,0.0171820316822194,1.52103722348879
SPBC56F2.05c,Pho843,0.0333517367642239,1.73916881325761
SPCC18.03,Tf2-13,0.0100991563195352,1.72973416343246
SPCC18.03,Rli1,0.0100991563195352,1.79569224541976
SPCC18.03,Dhx29,0.0307826007946796,2.76318745515325
SPCC18.03,Rps3,0.0141000174554173,1.01961433429238
SPCC18.03,Ath1,0.0100991563195352,2.37003605637207
SPCC18.03,Kin1,0.0000123752354375558,2.63490601338272
SPCC18.03,Puf2,0.0232695923689779,2.35555761861738
SPCC18.03,Pcs60,0.0128378037117121,1.09574271531028
SPCC320.03,Rpl29,0.0298023250643827,5.13048122620297
SPCC777.02,Rpl803,0.0193621661146544,1.1453256907064
SPCC777.02,Yip5,0.0288183595343786,2.60614290142997
SPCC777.02,Rps801,0.00239592503023404,3.88671961750765
SPCC777.02,Abc4,0.0393884782459079,3.11134328583678
SPCC777.02,Srp1,0.0262671735008181,2.19074941968771
SPCC777.02,Tvp23,0.00088793477582249,2.31625322983688
SPCC777.02,Pch1,0.0247235395073577,2.15508112507794
SPCC777.02,Yta12,0.0055559453642583,2.62433975653823
SPCC777.02,Rpl1901,0.0223910629762424,1.10459742118955
SPCC777.02,Rps20,0.0223910629762424,1.34530082150155
SPCC777.02,Rpl35A01,0.0274419862531625,1.345960748036
SPCC965.10,Cdc48,0.0153631053319666,4.36004733609407
SPCC965.10,Ypt3,0.0258532967247755,2.57788940813963
SPCC965.10,Cpy1,0.0153631053319666,1.95899942364453
SPCC965.10,Cox6,0.00350081464367161,2.44789104454597
SPCC965.10,Pda1,0.0396001273364091,1.8152469661273
SPCC965.10,Lrs1,0.0202505068644747,1.91402545554436
SPCC965.10,Rps801,0.0396001273364091,3.12148465250181
SPCC965.10,Pyk1,0.028513617869104,2.75923266636594
SPCC965.10,Hsp90,0.0290064969306042,2.26392111847257
SPCC965.10,Leu2,0.0405957141613506,1.60700256429841
SPCC965.10,Cct4,0.0290064969306042,3.15441783823899
SPCC965.10,Pgk1,0.00544697975421404,2.33464087095126
SPCC965.10,Sce3,0.0153631053319666,3.08434740224698
SPCC965.10,Fba1,0.0153631053319666,2.51108923115393
SPCC965.10,Ath1,0.00308215105747981,2.54386584010593
SPCC965.10,Egd2,0.0153631053319666,1.01179321895754
SPCC965.10,Atp14,0.0045820716382572,1.99018751681909
SPCC965.10,Cyt1,0.0332890270010475,1.95945468466404
SPCC965.10,Isp4,0.0236197818834075,2.7861865585949
SPCC965.10,Tdh1,0.0153631053319666,1.26378515792621
SPCC965.10,Erg9,0.000108042460600038,4.84912461646986
SPCC965.10,Hob3,0.0202505068644747,1.79338430282731
SPCC965.10,Puf2,0.000000753983861388473,3.74756843746382
SPCC965.10,Ssa2,0.000048040122978656,1.42116270892347
SPCC965.10,Psi1,0.00308215105747981,2.40360263915528
