name,altname,family,organism,alphabet,type,icscore,nsites,pseudocount,bkgsites,consensus,strand,pval,qval,eval,tf_name,width,initial_width,seed,score_threshold,log_evalue,evalue,dtc,bernoulli,train_pos_count,train_neg_count,train_log_pval,train_pval,train_dtc,train_bernoulli,is_palindromic,elapsed_time,total_sites,max_sites,n_hits.genome,n_peaks_total.highocc,n_peaks_total.common,n_peaks_total.fg_all,n_peaks_total.fg_spec,n_peaks_total.bg,n_peaks_with_motif.highocc,n_peaks_with_motif.common,n_peaks_with_motif.fg_all,n_peaks_with_motif.fg_spec,n_peaks_with_motif.bg,f_peaks_with_motif.highocc,f_peaks_with_motif.common,f_peaks_with_motif.fg_all,f_peaks_with_motif.fg_spec,f_peaks_with_motif.bg,enr_peaks_with_motif.highocc,enr_peaks_with_motif.common,enr_peaks_with_motif.fg_all,enr_peaks_with_motif.fg_spec,keep,frac_fg_spec,total_hits,bound_hits_common.peaks.ubiquitous,bound_hits_common.peaks.frequent,bound_hits_specific.peaks,unique_version_of_motif
Ace2.m1,NA,COG5048,Schizosaccharomyces pombe,DNA,PCM,18,4,0,NA,ACCAGCCAYNN,+-,1,NA,NA,Ace2,11,9,ACCAGCCATTT,18.3673,0.69897,5.0e+000,-1,-1,4,0,-10.4751,3.3e-11,-1,0.00240561,no,4.9,4,1,3014,247,94,79,4,1150,37,28,13,4,308,0.149797570850202,0.297872340425532,0.164556962025316,1,0.267826086956522,0.559310757371305,1.11218526778021,0.614418668011837,3.73375602656029,TRUE,0.0506329113924051,3014,10,0,9,TRUE
Ace2.m2,NA,COG5048,Schizosaccharomyces pombe,DNA,PCM,24.4902249956731,3,0,NA,ACCWGCCTCYYMAKS,+-,1,NA,NA,Ace2,15,9,ACCAGCCTCCTCATC,24.113,0.69897,5.0e+000,-1,-1,3,0,-7.85632,1.4e-08,-1,0.00240561,no,10.7,3,1,4271,247,94,79,4,1150,48,31,10,3,356,0.194331983805668,0.329787234042553,0.126582278481013,0.75,0.309565217391304,0.627759015319243,1.06532371917601,0.408905337112435,2.42274821303246,TRUE,0.0506329113924051,4271,9,0,7,FALSE
Cdc10.m1,NA,KilA-N,Schizosaccharomyces pombe,DNA,PCM,18.8599995260271,14,0,NA,ACGCGACGCGACN,+-,1,NA,NA,Cdc10,13,15,ACGCGACGCGCCA,18.1247,0.69897,5.0e+000,-1,-1,14,7,-20.0147,9.7e-21,-1,0.0162831,no,9.5,13,2,1674,247,94,182,21,1133,39,24,44,14,137,0.157894736842105,0.25531914893617,0.241758241758242,0.666666666666667,0.120917917034422,1.30579846987182,2.1114988059601,1.99935004122986,5.51334466944396,TRUE,0.115384615384615,1674,29,21,52,TRUE
Cdc10.m3,NA,KilA-N,Schizosaccharomyces pombe,DNA,PCM,17.8800077336126,6,0,NA,AAACGCRATGA,+-,1,NA,NA,Cdc10,11,9,AAACGCGATGA,16.7577,0.69897,5.0e+000,-1,-1,6,3,-8.82505,1.5e-09,-1,0.0162831,no,29.3,5,1,2544,247,94,182,21,1133,28,12,30,12,214,0.11336032388664,0.127659574468085,0.164835164835165,0.571428571428571,0.188879082082966,0.600176168055908,0.675881612609688,0.87270273825252,3.02535643317632,TRUE,0.115384615384615,2544,18,2,16,FALSE
Deb1.m1,NA,zf-C2H2,Schizosaccharomyces pombe,DNA,PCM,20.4987716053203,62,0,NA,AATGTTACCTAT,+-,7.2e-09,NA,NA,Deb1,12,8,AATGTTACTTGT,12.3521,-7.44408,3.6e-008,-1,-1,55,21,-59.4805,3.3e-60,-1,-1,no,7.3,53,2,1837,247,94,294,101,1053,29,13,90,71,145,0.117408906882591,0.138297872340426,0.306122448979592,0.702970297029703,0.137701804368471,0.852632649139234,1.00432865528548,2.22307345433905,5.10498896702686,TRUE,0.343537414965986,1837,21,3,85,TRUE
Esc1.m1,NA,bHLH_SF,Schizosaccharomyces pombe,DNA,PCM,17.1782402456526,8,0,NA,ACCACGTGSSS,+-,1,NA,NA,Esc1,11,10,ACCACGTGCCC,17.3651,0.69897,5.0e+000,-1,-1,8,3,-15.0803,8.3e-16,-1,0.00689906,no,9.1,7,1,1787,247,94,78,11,1143,35,27,22,9,215,0.1417004048583,0.287234042553192,0.282051282051282,0.818181818181818,0.188101487314086,0.753320207944366,1.52701352679924,1.49946067209799,4.34966506750998,TRUE,0.141025641025641,1787,15,4,12,TRUE
Fep1.m1,NA,ZnF_GATA,Schizosaccharomyces pombe,DNA,PCM,17.9151522918777,23,0,NA,TTATCWGATSAD,+-,0.00012,NA,NA,Fep1,12,12,TTATCAGATCAA,15.8196,-3.22163,6.0e-004,-1,0.0460756,19,22,-14.4321,3.7e-15,-1,0.0460756,no,9.9,19,2,2025,247,94,325,75,1079,33,9,63,27,154,0.133603238866397,0.0957446808510638,0.193846153846154,0.36,0.142724745134384,0.936090673344192,0.670836790944159,1.35817930860082,2.52232699616345,TRUE,0.230769230769231,2025,37,6,43,TRUE
Fhl1.m1,NA,COG5025 (FH),Schizosaccharomyces pombe,DNA,PCM,19.1564547642967,111,0,NA,AAAARCAGTCACA,+-,5.9e-10,NA,NA,Fhl1,13,13,AAAAACAGTCACA,14.0238,-8.53082,2.9e-009,-1,0.106144,101,15,-80.6561,2.2e-81,-1,0.106144,no,11.3,100,2,2069,247,94,356,149,1005,45,25,171,129,140,0.182186234817814,0.265957446808511,0.480337078651685,0.865771812080537,0.139303482587065,1.30783469012885,1.90918800220436,3.44811645491362,6.21496735784818,TRUE,0.418539325842697,2069,46,6,168,TRUE
Fhl1.m2,NA,COG5025 (FH),Schizosaccharomyces pombe,DNA,PCM,20.7000796372621,58,0,NA,AACCCTACCCTAN,+-,8.1e-05,NA,NA,Fhl1,13,13,AACCCTACCCTAT,16.6127,-3.39385,4.0e-004,-1,0.106144,54,5,-46.139,7.3e-47,-1,0.106144,no,23,54,1,1642,247,94,356,149,1005,35,21,110,78,124,0.1417004048583,0.223404255319149,0.308988764044944,0.523489932885906,0.123383084577114,1.14845772324661,1.81064888623882,2.50429190364359,4.24277519001024,TRUE,0.418539325842697,1642,33,4,96,TRUE
Fkh2.m1,NA,COG5025 (FH),Schizosaccharomyces pombe,DNA,PCM,21.9547241462993,12,0,NA,TGTAAACAAAYMAAT,+-,1,NA,NA,Fkh2,15,14,TGTAAACAAACAAAT,17.6466,0.69897,5.0e+000,-1,-1,12,22,-11.8711,1.3e-12,-1,0.0198107,no,11.9,11,1,4972,247,94,194,27,1127,93,44,80,17,384,0.376518218623482,0.468085106382979,0.412371134020619,0.62962962962963,0.34072759538598,1.10504144272645,1.37377993136363,1.21026570591611,1.84789488806004,TRUE,0.139175257731959,4972,72,13,38,TRUE
Fkh2.m2,NA,COG5025 (FH),Schizosaccharomyces pombe,DNA,PCM,20.530030155261,6,0,NA,AAACAGCAGWGNC,+-,1,NA,NA,Fkh2,13,11,AAACAGCAGAGCC,19.0148,0.69897,5.0e+000,-1,-1,6,0,-10.2188,6e-11,-1,0.0198107,no,23.9,6,1,3855,247,94,194,27,1127,91,27,69,9,315,0.368421052631579,0.287234042553192,0.355670103092784,0.333333333333333,0.279503105590062,1.3181275167812,1.02765947550863,1.2725076160936,1.19259190354156,TRUE,0.139175257731959,3855,64,3,22,FALSE
Adn2.m2,NA,Other,Schizosaccharomyces pombe,DNA,PCM,20.120060199635,8,0,NA,CTTCTCTTCCCTTCC,+-,1,NA,NA,Adn2,15,15,CTTCTCTTCCCTTCC,17.5687,0.69897,5.0e+000,-1,-1,8,1,-12.2235,6e-13,-1,0.0225872,no,31.6,7,2,6122,247,94,135,42,1112,58,59,87,25,405,0.234817813765182,0.627659574468085,0.644444444444444,0.595238095238095,0.364208633093525,0.644735318422737,1.72334973442866,1.76943547311105,1.63433100377453,TRUE,0.311111111111111,6122,23,129,70,TRUE
Adn2.m4,NA,Other,Schizosaccharomyces pombe,DNA,PCM,15.20320661318,8,0,NA,AYCCGCGCR,+-,1,NA,NA,Adn2,9,8,ACCCGCGCT,15.4358,0.69897,5.0e+000,-1,-1,8,2,-11.5336,2.9e-12,-1,0.0225872,no,39.7,8,1,1376,247,94,135,42,1112,36,16,31,12,120,0.145748987854251,0.170212765957447,0.22962962962963,0.285714285714286,0.107913669064748,1.35060403851864,1.57729961489591,2.12789078277998,2.64760377982402,TRUE,0.311111111111111,1376,5,18,14,TRUE
Hsf1.m1,NA,HSF_DNA-bind,Schizosaccharomyces pombe,DNA,PCM,20.7389994235743,7,0,NA,ATCCTTCATGGACW,+-,1,NA,NA,Hsf1,14,13,ATCCTTCATGGACG,19.0569,0.69897,5.0e+000,-1,-1,7,0,-10.5419,2.9e-11,-1,0.0311829,no,19.9,7,1,3041,247,94,79,43,1111,37,18,29,16,229,0.149797570850202,0.191489361702128,0.367088607594937,0.372093023255814,0.206120612061206,0.726748492563317,0.929016417964295,1.78093701055439,1.80521595738987,TRUE,0.544303797468354,3041,14,17,26,TRUE
Hsf1.m3,NA,HSF_DNA-bind,Schizosaccharomyces pombe,DNA,PCM,18.5580285459421,8,0,NA,CTGAAAGAACN,+-,1,NA,NA,Hsf1,11,10,CTGAAAGAACA,15.6328,0.69897,5.0e+000,-1,-1,8,7,-8.32573,4.7e-09,-1,0.0311829,no,29.7,7,1,2624,247,94,79,43,1111,45,19,27,14,180,0.182186234817814,0.202127659574468,0.341772151898734,0.325581395348837,0.162016201620162,1.12449315872607,1.24757530406151,2.10948682288685,2.00955449231954,TRUE,0.544303797468354,2624,5,10,19,FALSE
Adn3.m1,NA,Other,Schizosaccharomyces pombe,DNA,PCM,22.218652755448,9,0,NA,CTCTTCTCTTCYCT,+-,1,NA,NA,Adn3,14,11,CTCTTCTCTTCCCT,17.5539,0.69897,5.0e+000,-1,-1,9,3,-12.9714,1.1e-13,-1,0.0200008,no,20.8,9,2,6610,247,94,152,34,1120,64,58,81,21,388,0.259109311740891,0.617021276595745,0.532894736842105,0.617647058823529,0.346428571428571,0.747945132606312,1.78109009011942,1.53825129490131,1.78289646659358,TRUE,0.223684210526316,6610,47,103,54,TRUE
Adn3.m2,NA,Other,Schizosaccharomyces pombe,DNA,PCM,19.1337707731437,8,0,NA,AGGGGATGAATG,+-,1,NA,NA,Adn3,12,8,AGGGGATGAATG,17.0584,0.69897,5.0e+000,-1,-1,8,1,-12.6451,2.3e-13,-1,0.0200008,no,30.7,8,2,3440,247,94,152,34,1120,42,41,54,18,283,0.17004048582996,0.436170212765957,0.355263157894737,0.529411764705882,0.252678571428571,0.672953040360952,1.72618312711226,1.40598686267427,2.09519416909229,TRUE,0.223684210526316,3440,12,44,32,TRUE
Adn3.m3,NA,Other,Schizosaccharomyces pombe,DNA,PCM,17.6987159298695,9,0,NA,GTGSGGAGARRMW,+-,1,NA,NA,Adn3,13,7,GTGGGGAGAAAAA,16.4734,0.69897,5.0e+000,-1,-1,9,4,-12.4676,3.4e-13,-1,0.0200008,no,41,8,1,2816,247,94,152,34,1120,42,43,64,19,260,0.17004048582996,0.457446808510638,0.421052631578947,0.558823529411765,0.232142857142857,0.732483245185846,1.97053591742957,1.81376167675132,2.40723375707449,TRUE,0.223684210526316,2816,25,74,33,FALSE
Ams2.m1,NA,ZnF_GATA,Schizosaccharomyces pombe,DNA,PCM,17.9780481854173,21,0,NA,CCCCCACATAGK,+-,1,NA,NA,Ams2,12,12,CCCCCACATAGG,15.8602,0.69897,5.0e+000,-1,-1,21,20,-33.1544,7e-34,-1,-1,no,7.7,21,2,1733,247,94,197,25,1129,28,32,42,21,186,0.11336032388664,0.340425531914894,0.213197969543147,0.84,0.16474756421612,0.688086869988925,2.06633990125896,1.29408696553779,5.09868479884334,TRUE,0.126903553299492,1733,23,5,51,TRUE
Ams2.m2,NA,ZnF_GATA,Schizosaccharomyces pombe,DNA,PCM,16.5127167251232,15,0,NA,YTATCCCACTT,+-,1,NA,NA,Ams2,11,9,CTATCCCACTG,14.7847,0.69897,5.0e+000,-1,-1,15,17,-21.3384,4.6e-22,-1,-1,no,15.2,15,2,2133,247,94,197,25,1129,35,24,42,17,188,0.1417004048583,0.25531914893617,0.213197969543147,0.68,0.16651904340124,0.850957049758038,1.5332697717413,1.28032016559971,4.08359850328346,TRUE,0.126903553299492,2133,22,4,25,TRUE
Ams2.m3,NA,ZnF_GATA,Schizosaccharomyces pombe,DNA,PCM,17.1618302893082,15,0,NA,CCCCCACWKARRYCY,+-,1,NA,NA,Ams2,15,10,CCCCCACTGAGATCT,13.3582,0.69897,5.0e+000,-1,-1,15,18,-21.0774,8.4e-22,-1,-1,no,23.3,15,1,1968,247,94,197,25,1129,39,31,50,22,211,0.157894736842105,0.329787234042553,0.253807106598985,0.88,0.186891054030115,0.844849919711742,1.76459205691758,1.35804653609343,4.70860574873986,TRUE,0.126903553299492,1968,34,4,52,FALSE
Ams2.m4,NA,ZnF_GATA,Schizosaccharomyces pombe,DNA,PCM,18.9776052590122,7,0,NA,ACCCCCATTYDKK,+-,1,NA,NA,Ams2,13,7,ACCCCCATTCGTT,17.4957,0.69897,5.0e+000,-1,-1,7,3,-11.2317,5.9e-12,-1,-1,no,31.1,6,1,2412,247,94,197,25,1129,36,25,40,18,205,0.145748987854251,0.265957446808511,0.203045685279188,0.72,0.181576616474756,0.802686975872457,1.46470942824324,1.11823631800683,3.96525196210017,TRUE,0.126903553299492,2412,27,1,27,FALSE
Res1.m1,NA,KilA-N,Schizosaccharomyces pombe,DNA,PCM,18.5574931183512,20,0,NA,ACGCGWCGCGACTNT,+-,1,NA,NA,Res1,15,12,ACGCGTCGCGACTTT,17.3332,0.69897,5.0e+000,-1,-1,20,4,-26.8705,1.3e-27,-1,0.0286711,no,10,19,4,1591,247,94,215,40,1114,26,27,51,28,136,0.105263157894737,0.287234042553192,0.237209302325581,0.7,0.122082585278276,0.862230230663676,2.35277365010595,1.94301553140732,5.73378475414547,TRUE,0.186046511627907,1591,21,21,81,TRUE
Res1.m2,NA,KilA-N,Schizosaccharomyces pombe,DNA,PCM,14.0793780863333,12,0,NA,ACGCGACGYGCB,+-,1,NA,NA,Res1,12,6,ACGCGACGCGCC,14.5828,0.69897,5.0e+000,-1,-1,12,9,-13.1476,7.1e-14,-1,0.0286711,no,20.2,11,1,1544,247,94,215,40,1114,24,26,42,23,134,0.097165991902834,0.276595744680851,0.195348837209302,0.575,0.120287253141831,0.807784545580398,2.29944934319328,1.62401424999469,4.78019245422094,TRUE,0.186046511627907,1544,18,12,70,FALSE
Res1.m3,NA,KilA-N,Schizosaccharomyces pombe,DNA,PCM,15.0806297293651,8,0,NA,ACGCGTCTBTA,+-,1,NA,NA,Res1,11,8,ACGCGTCTGTA,16.2746,0.69897,5.0e+000,-1,-1,8,4,-9.69097,2e-10,-1,0.0286711,no,39.6,7,1,2075,247,94,215,40,1114,29,20,40,24,185,0.117408906882591,0.212765957446809,0.186046511627907,0.6,0.166068222621185,0.70699377662778,1.28119439646047,1.12030097263895,3.61295723873317,TRUE,0.186046511627907,2075,15,5,35,FALSE
Atf1.m1,NA,bZIP,Schizosaccharomyces pombe,DNA,PCM,14.6464624809954,24,0,NA,ATGAYGTCAKY,+-,0.015,NA,NA,Atf1,11,9,ATGACGTCAGT,13.105,-1.13708,7.3e-002,-1,-1,22,29,-17.4924,3.2e-18,-1,-1,no,9.3,22,2,1234,247,94,268,78,1076,24,33,69,28,109,0.097165991902834,0.351063829787234,0.257462686567164,0.358974358974359,0.101301115241636,0.959180286325333,3.46552319218449,2.54154304629313,3.54361168192881,TRUE,0.291044776119403,1234,16,39,40,TRUE
Sak1.m1,NA,Other,Schizosaccharomyces pombe,DNA,PCM,19.4655832967951,23,0,NA,SGTTGYYATGRCAA,+-,4.7e-05,NA,NA,Sak1,14,15,GGTTGTCATGACAA,14.5325,-3.62706,2.4e-004,-1,0.0416409,20,9,-20.7642,1.7e-21,-1,0.0416409,no,11.4,19,2,2699,247,94,291,63,1091,42,24,72,35,224,0.17004048582996,0.25531914893617,0.247422680412371,0.555555555555556,0.205316223648029,0.828189095920456,1.24353984726513,1.20508000262328,2.70584486622483,TRUE,0.216494845360825,2699,39,12,70,TRUE
Sak1.m2,NA,Other,Schizosaccharomyces pombe,DNA,PCM,21.0176104175203,19,0,NA,TGTAAAYAAACA,+-,0.0038,NA,NA,Sak1,12,12,TGTAAACAAACA,16.3028,-1.71852,1.9e-002,-1,0.0416409,17,15,-14.9762,1.1e-15,-1,0.0416409,no,22.4,16,2,4120,247,94,291,63,1091,86,40,120,40,293,0.348178137651822,0.425531914893617,0.412371134020619,0.634920634920635,0.268560953253896,1.29645742233136,1.58448696748688,1.53548233107601,2.36415332562162,TRUE,0.216494845360825,4120,88,33,71,TRUE
Sak1.m3,NA,Other,Schizosaccharomyces pombe,DNA,PCM,18.0601257638066,22,0,NA,ATGTAAACAAWNCA,+-,1,NA,NA,Sak1,14,8,ATGTAAACAAATCA,13.8027,0.69897,5.0e+000,-1,0.0416409,22,61,-11.6053,2.5e-12,-1,0.0416409,no,33.6,21,2,4241,247,94,291,63,1091,67,35,96,38,313,0.271255060728745,0.372340425531915,0.329896907216495,0.603174603174603,0.286892758936755,0.945493069399751,1.29783731410482,1.14989572599667,2.10243542909405,TRUE,0.216494845360825,4241,65,22,71,FALSE
Teb1.m1,NA,SANT,Schizosaccharomyces pombe,DNA,PCM,24.5527980484463,8,0,NA,AAACCCTAACCCTNN,+-,1,NA,NA,Teb1,15,15,AAACCCTAACCCTGT,23.1475,0.69897,5.0e+000,-1,-1,8,0,-17.5389,2.9e-18,-1,0.00641909,no,9.8,7,1,2124,247,94,209,12,1142,34,26,42,10,217,0.137651821862348,0.276595744680851,0.200956937799043,0.833333333333333,0.190017513134851,0.724417950606,1.4556305073525,1.05757030977518,4.3855428588789,TRUE,0.0574162679425837,2124,24,13,11,TRUE
Zas1.m1,NA,COG5048,Schizosaccharomyces pombe,DNA,PCM,15.5672693085028,63,0,NA,NCCCCCACWTA,+-,2.9e-08,NA,NA,Zas1,11,11,ACCCCCACATA,13.4112,-6.83973,1.4e-007,-1,-1,57,13,-73.94,1.1e-74,-1,-1,no,8.1,56,3,1740,247,94,209,83,1071,27,35,95,68,165,0.109311740890688,0.372340425531915,0.454545454545455,0.819277108433735,0.15406162464986,0.709534458075894,2.41681865655697,2.95040056326775,5.31782520449537,TRUE,0.397129186602871,1740,25,16,138,TRUE
Zas1.m2,NA,COG5048,Schizosaccharomyces pombe,DNA,PCM,16.8526046072882,22,0,NA,AGTGGGATRARWA,+-,0.094,NA,NA,Zas1,13,10,AGTGGGATAAGAA,13.6146,-0.32633,4.7e-001,-1,-1,21,26,-16.0278,9.4e-17,-1,-1,no,24.8,20,2,2907,247,94,209,83,1071,48,35,67,39,218,0.194331983805668,0.372340425531915,0.320574162679426,0.469879518072289,0.203548085901027,0.954722950218306,1.82924636523772,1.57492803890704,2.30843836017403,TRUE,0.397129186602871,2907,24,8,67,TRUE
Zas1.m3,NA,COG5048,Schizosaccharomyces pombe,DNA,PCM,12.5461015134953,38,0,NA,ARTGKGGG,+-,1,NA,NA,Zas1,8,8,AATGTGGG,11.9743,0.69897,5.0e+000,-1,-1,38,102,-21.1916,6.4e-22,-1,-1,no,15.4,36,3,1985,247,94,209,83,1071,32,31,97,69,164,0.129554655870445,0.329787234042553,0.464114832535885,0.831325301204819,0.1531279178338,0.846056105555841,2.15366397613083,3.03088299128201,5.42893081832595,TRUE,0.397129186602871,1985,29,20,180,FALSE
Zas1.m4,NA,COG5048,Schizosaccharomyces pombe,DNA,PCM,15.3689842517367,16,0,NA,CCCACTTTARA,+-,1,NA,NA,Zas1,11,9,CCCACTTTAGA,13.6308,0.69897,5.0e+000,-1,-1,16,24,-11.2157,6.1e-12,-1,-1,no,33.5,16,1,2211,247,94,209,83,1071,29,25,53,36,200,0.117408906882591,0.265957446808511,0.253588516746411,0.433734939759036,0.186741363211951,0.62872668452488,1.42419985606934,1.35796459027665,2.32264351965359,TRUE,0.397129186602871,2211,17,3,53,FALSE
Loz1.m1,NA,zf-C2H2,Schizosaccharomyces pombe,DNA,PCM,17.1352342658351,7,0,NA,ARGATCGMCGAK,+-,1,NA,NA,Loz1,12,10,AAGATCGACGAG,15.4982,0.69897,5.0e+000,-1,-1,7,11,-12.7843,1.6e-13,-1,-1,no,6.8,6,2,2442,247,94,183,11,1143,39,25,25,8,225,0.157894736842105,0.265957446808511,0.136612021857924,0.727272727272727,0.196850393700787,0.802106268458051,1.35106204639204,0.693990625565874,3.69453176632408,TRUE,0.0601092896174863,2442,16,1,9,TRUE
Mca1.m1,NA,Zn(II)2Cys6,Schizosaccharomyces pombe,DNA,PCM,20.1884830779421,11,0,NA,CGGTGAAYTCG,+-,1,NA,NA,Mca1,11,10,CGGTGAACTCG,18.287,0.69897,5.0e+000,-1,-1,11,0,-18.6418,2.3e-19,-1,0.0201984,no,8.9,10,2,2489,247,94,124,30,1124,29,25,21,16,232,0.117408906882591,0.265957446808511,0.169354838709677,0.533333333333333,0.206405693950178,0.568827999885175,1.28851657724195,0.820495864104854,2.58390037225279,TRUE,0.241935483870968,2489,4,1,29,TRUE
Mca1.m3,NA,Zn(II)2Cys6,Schizosaccharomyces pombe,DNA,PCM,22.0434160655036,6,0,NA,AGTTMACCGAGMYRT,+-,1,NA,NA,Mca1,15,11,AGTTCACCGAGCTCT,21.0631,0.69897,5.0e+000,-1,-1,6,0,-10.1681,6.8e-11,-1,0.0201984,no,30.2,6,1,1909,247,94,124,30,1124,30,18,21,14,176,0.121457489878543,0.191489361702128,0.169354838709677,0.466666666666667,0.156583629893238,0.775673129357298,1.22291927268141,1.08156106269911,2.98029038344854,TRUE,0.241935483870968,1909,7,0,18,FALSE
Pcr1.m1,NA,bZIP,Schizosaccharomyces pombe,DNA,PCM,13.795202366846,16,0,NA,ATGACGTCAT,+-,1,NA,NA,Pcr1,10,8,ATGACGTAAC,13.0881,0.69897,5.0e+000,-1,-1,16,6,-19.6773,2.1e-20,-1,0.0295394,yes,8.2,15,1,584,247,94,276,35,1119,17,18,47,18,28,0.0688259109311741,0.191489361702128,0.170289855072464,0.514285714285714,0.0250223413762288,2.75050841118113,7.65246970111019,6.80528041847495,20.5522798315922,TRUE,0.126811594202899,584,30,36,36,TRUE
Pcr1.m3,NA,bZIP,Schizosaccharomyces pombe,DNA,PCM,19.7899507387611,7,0,NA,AWGRCGTWKTCKW,+-,1,NA,NA,Pcr1,13,11,ATGACGTTTTCTA,18.0018,0.69897,5.0e+000,-1,-1,7,3,-8.66257,2.2e-09,-1,0.0295394,no,28.7,6,1,2667,247,94,276,35,1119,40,22,56,16,199,0.161943319838057,0.234042553191489,0.202898550724638,0.457142857142857,0.177837354781055,0.91062650707399,1.31604654957381,1.14092120889466,2.5705582898901,TRUE,0.126811594202899,2667,35,13,22,FALSE
Pho7.m2,NA,Zn(II)2Cys6,Schizosaccharomyces pombe,DNA,PCM,17.0267718204853,6,0,NA,AACCRACTTNTH,+-,1,NA,NA,Pho7,12,9,AACCGACTTATT,15.9281,0.69897,5.0e+000,-1,-1,6,5,-9.99133,1e-10,-1,0.00781816,no,15.7,5,1,2950,247,94,101,12,1142,53,31,25,6,219,0.214574898785425,0.329787234042553,0.247524752475248,0.5,0.191768826619965,1.11892419452751,1.71970867291914,1.29074399679036,2.60729755464015,TRUE,0.118811881188119,2950,10,11,7,TRUE
Php3.m1,NA,Other,Schizosaccharomyces pombe,DNA,PCM,14.8926072164918,48,0,NA,MRCCAATCA,+-,0.002,NA,NA,Php3,9,9,AACCAATCA,12.155,-2.00559,9.9e-003,-1,0.0771878,43,84,-16.5217,3e-17,-1,0.0771878,no,8.2,40,2,3007,247,94,273,103,1051,50,44,118,59,197,0.202429149797571,0.468085106382979,0.432234432234432,0.572815533980582,0.18744053282588,1.07996422535455,2.49723793508346,2.30597469897959,3.0559744435759,TRUE,0.377289377289377,3007,39,47,106,TRUE
Prr1.m1,NA,HSF_DNA-bind,Schizosaccharomyces pombe,DNA,PCM,15.3155994168198,11,0,NA,CTTCTAGAYCY,+-,1,NA,NA,Prr1,11,8,CTTCTAGACCC,14.3631,0.69897,5.0e+000,-1,-1,11,14,-12.4716,3.4e-13,-1,-1,no,8.1,10,2,2103,247,94,240,38,1116,26,24,37,14,157,0.105263157894737,0.25531914893617,0.154166666666667,0.368421052631579,0.140681003584229,0.748241816386364,1.81487427269476,1.09585919121747,2.61882858677796,TRUE,0.158333333333333,2103,12,16,15,TRUE
Prr1.m2,NA,HSF_DNA-bind,Schizosaccharomyces pombe,DNA,PCM,14.399743757549,9,0,NA,GGCCTAGANC,+-,1,NA,NA,Prr1,10,8,GGCCTAGAAC,14.6534,0.69897,5.0e+000,-1,-1,9,7,-11.4317,3.7e-12,-1,-1,no,16.4,8,2,1357,247,94,240,38,1116,35,17,38,10,122,0.1417004048583,0.180851063829787,0.158333333333333,0.263157894736842,0.109318996415771,1.29620755126422,1.65433653274157,1.44835655437775,2.40723475452729,TRUE,0.158333333333333,1357,20,12,12,FALSE
Prt1.m3,NA,Zn(II)2Cys6,Schizosaccharomyces pombe,DNA,PCM,16.3774437510817,4,0,NA,CSGAGCCGA,+-,1,NA,NA,Prt1,9,9,CCGAGCCGA,16.9571,0.69897,5.0e+000,-1,-1,4,5,-7.30629,4.9e-08,-1,-1,no,15.4,3,1,1862,247,94,30,9,1145,27,25,12,5,170,0.109311740890688,0.265957446808511,0.4,0.555555555555556,0.148471615720524,0.736248501854726,1.79129629742049,2.69410623675505,3.74181159845195,TRUE,0.3,1862,2,6,5,TRUE
Prz1.m1,NA,COG5048,Schizosaccharomyces pombe,DNA,PCM,14.0352399332868,13,0,NA,CTRMGCCWCN,+-,1,NA,NA,Prz1,10,9,CTAAGCCACA,13.158,0.69897,5.0e+000,-1,-1,13,33,-17.7053,2e-18,-1,-1,no,6.9,11,2,1743,247,94,164,16,1138,39,10,40,13,163,0.157894736842105,0.106382978723404,0.24390243902439,0.8125,0.14323374340949,1.10235640518237,0.742724678322393,1.70282316439874,5.67251339067338,TRUE,0.0975609756097561,1743,26,5,16,TRUE
Reb1.m1,NA,SANT,Schizosaccharomyces pombe,DNA,PCM,21.6378633252127,17,0,NA,RGKAAGGGTRGKGCA,+-,1,NA,NA,Reb1,15,15,GGTAAGGGTAGGGCA,15.8078,0.69897,5.0e+000,-1,-1,17,8,-31.0835,8.3e-32,-1,-1,no,9.3,16,1,3147,247,94,38,20,1134,56,43,22,18,307,0.226720647773279,0.457446808510638,0.578947368421053,0.9,0.270723104056437,0.837463840035519,1.68971953976907,2.13851799579826,3.32442138145327,TRUE,0.526315789473684,3147,3,1,24,TRUE
Reb1.m5,NA,SANT,Schizosaccharomyces pombe,DNA,PCM,17.4194089311085,5,0,NA,ATGGTGGGWCG,+-,1,NA,NA,Reb1,11,8,ATGGTGGGACG,17.6007,0.69897,5.0e+000,-1,-1,5,5,-7.44726,3.6e-08,-1,-1,no,44.1,5,1,2261,247,94,38,20,1134,35,30,8,8,208,0.1417004048583,0.319148936170213,0.210526315789474,0.4,0.18342151675485,0.772540947345565,1.73997141581459,1.14777247370807,2.18076279334131,TRUE,0.526315789473684,2261,0,0,10,FALSE
Res2.m1,NA,KilA-N,Schizosaccharomyces pombe,DNA,PCM,20.6095567948496,19,0,NA,ARACGCGACGCGACD,+-,1,NA,NA,Res2,15,12,AAACGCGACGCGACG,18.983,0.69897,5.0e+000,-1,-1,19,2,-29.439,3.6e-30,-1,0.0213333,no,10.1,19,2,1787,247,94,183,31,1123,47,22,53,21,133,0.190283400809717,0.234042553191489,0.289617486338798,0.67741935483871,0.118432769367765,1.60667351740565,1.9761555715138,2.44540461630892,5.71982432421921,TRUE,0.169398907103825,1787,33,22,78,TRUE
Res2.m2,NA,KilA-N,Schizosaccharomyces pombe,DNA,PCM,12.176035987619,12,0,NA,CGCGACGSGG,+-,1,NA,NA,Res2,10,6,CGCGACGCGG,14.1346,0.69897,5.0e+000,-1,-1,12,23,-11.3302,4.7e-12,-1,0.0213333,no,18.9,11,3,1588,247,94,183,31,1123,34,27,47,22,119,0.137651821862348,0.287234042553192,0.256830601092896,0.709677419354839,0.105966162065895,1.29901395091387,2.71060427545069,2.42369047246153,6.69715415152413,TRUE,0.169398907103825,1588,25,22,79,FALSE
Rsv2.m1,NA,zf-C2H2,Schizosaccharomyces pombe,DNA,PCM,17.4538201373293,9,0,NA,GGTGGCRAAAWKG,+-,1,NA,NA,Rsv2,13,9,GGTGGCAAAAATG,14.236,0.69897,5.0e+000,-1,-1,9,11,-15.859,1.4e-16,-1,-1,no,8,8,1,2551,247,94,100,12,1142,36,31,21,10,233,0.145748987854251,0.329787234042553,0.21,0.833333333333333,0.204028021015762,0.714359100135031,1.61637904451385,1.02927024280422,4.08439117721864,TRUE,0.12,2551,10,5,12,TRUE
Sep1.m1,NA,COG5025 (FH),Schizosaccharomyces pombe,DNA,PCM,26.326816663782,3,0,NA,AAACARAWAAATAWW,+-,1,NA,NA,Sep1,15,14,AAACAAATAAATAAA,20.5923,0.69897,5.0e+000,-1,-1,3,1,-6.85518,1.4e-07,-1,0.00327059,no,29,2,1,10561,247,94,28,5,1149,127,46,19,3,467,0.51417004048583,0.48936170212766,0.678571428571429,0.6,0.406440382941688,1.26505582862756,1.20401790434285,1.6695456148194,1.47623009167371,TRUE,0.178571428571429,10561,14,28,11,TRUE
Sep1.m2,NA,COG5025 (FH),Schizosaccharomyces pombe,DNA,PCM,21.0817041659455,3,0,NA,ARATGGCGAGT,+-,1,NA,NA,Sep1,11,11,AAATGGCGAGT,21.4929,0.69897,5.0e+000,-1,-1,3,1,-6.85518,1.4e-07,-1,0.00327059,no,9,3,1,2829,247,94,28,5,1149,47,32,9,3,252,0.190283400809717,0.340425531914894,0.321428571428571,0.6,0.219321148825065,0.867602300219529,1.55217580047706,1.46555910176199,2.73570637171976,TRUE,0.178571428571429,2829,4,2,4,TRUE
Ste11.m2,NA,HMG-box,Schizosaccharomyces pombe,DNA,PCM,19.1041707282704,6,0,NA,AACAAAGAAAYNAN,+-,1,NA,NA,Ste11,14,10,AACAAAGAAACCAA,14.3881,0.69897,5.0e+000,-1,-1,6,21,-10.9928,1e-11,-1,-1,no,20.4,6,1,5373,247,94,43,6,1148,79,43,14,6,391,0.319838056680162,0.457446808510638,0.325581395348837,1,0.340592334494773,0.939064345327257,1.34309090102777,0.955927090680729,2.93605569669581,TRUE,0.13953488372093,5373,8,0,8,TRUE
Ste11.m4,NA,HMG-box,Schizosaccharomyces pombe,DNA,PCM,24.5661656266226,4,0,NA,TTSTCAAAGAAWCC,+-,1,NA,NA,Ste11,14,11,TTCTCAAAGAAACC,22.1516,0.69897,5.0e+000,-1,-1,4,0,-10.3257,4.7e-11,-1,-1,no,10,4,1,4131,247,94,43,6,1148,43,29,7,4,341,0.174089068825911,0.308510638297872,0.162790697674419,0.666666666666667,0.297038327526132,0.586084241018877,1.03862219480257,0.54804762396352,2.24437508736285,TRUE,0.13953488372093,4131,4,0,7,FALSE
Toe1.m1,NA,Zn(II)2Cys6,Schizosaccharomyces pombe,DNA,PCM,19.7261536751949,16,0,NA,CCGCGGNWNTKCCGV,+-,0.062,NA,NA,Toe1,15,8,CCGCGGCAATTCCGA,21.1362,-0.510564,3.1e-001,-1,0.0615544,15,0,-18.1596,6.9e-19,-1,0.0615544,no,11,15,1,2100,247,94,204,97,1057,19,24,34,32,188,0.0769230769230769,0.25531914893617,0.166666666666667,0.329896907216495,0.177861873226112,0.432490915770183,1.43548872401038,0.937057091475112,1.85478791179262,TRUE,0.475490196078431,2100,3,0,68,TRUE
Toe2.m1,NA,Zn(II)2Cys6,Schizosaccharomyces pombe,DNA,PCM,14.2006190649733,18,0,NA,CGGCCGANV,+-,1,NA,NA,Toe2,9,8,CGGCCGACG,15.3503,0.69897,5.0e+000,-1,-1,18,7,-25.9289,1.2e-26,-1,0.0176588,no,7.8,18,2,2133,247,94,107,24,1130,34,26,38,21,205,0.137651821862348,0.276595744680851,0.355140186915888,0.875,0.18141592920354,0.758765030731555,1.5246468226266,1.95759672746659,4.82314965776042,TRUE,0.224299065420561,2133,12,20,41,TRUE
Toe3.m1,NA,Zn(II)2Cys6,Schizosaccharomyces pombe,DNA,PCM,17.332296338955,23,0,NA,TCCGYGGAMWTYW,+-,0.0064,NA,NA,Toe3,13,8,TCCGCGGACATCT,15.7052,-1.49433,3.2e-002,-1,0.0400841,21,5,-24.6037,2.5e-25,-1,0.0400841,no,10.1,20,3,2108,247,94,143,65,1089,35,19,53,41,177,0.1417004048583,0.202127659574468,0.370629370629371,0.630769230769231,0.162534435261708,0.871818533787034,1.24359749151936,2.2803050303006,3.88081669547068,TRUE,0.454545454545455,2108,12,2,75,TRUE
Toe3.m4,NA,Zn(II)2Cys6,Schizosaccharomyces pombe,DNA,PCM,14.115274718732,15,0,NA,CCATGGAGC,+-,1,NA,NA,Toe3,9,8,CCATGGAGC,12.9977,0.69897,5.0e+000,-1,0.0400841,15,49,-7.56493,2.7e-08,-1,0.0400841,no,41.8,14,1,2707,247,94,143,65,1089,28,20,26,21,207,0.11336032388664,0.212765957446809,0.181818181818182,0.323076923076923,0.190082644628099,0.596376001251619,1.11933332224921,0.956521967862691,1.69966187100962,TRUE,0.454545454545455,2707,5,1,26,FALSE
Zip1.m1,NA,bZIP,Schizosaccharomyces pombe,DNA,PCM,18.6402829741035,14,0,NA,AATTGCGCMATMRNT,+-,1,NA,NA,Zip1,15,11,AATTGCGCCATCATT,14.8428,0.69897,5.0e+000,-1,-1,14,13,-24.0031,9.9e-25,-1,-1,no,9.4,13,1,2476,247,94,52,18,1136,50,13,23,15,211,0.202429149797571,0.138297872340426,0.442307692307692,0.833333333333333,0.185739436619718,1.08985503362428,0.74458138926192,2.38132686859818,4.48655310873145,TRUE,0.346153846153846,2476,11,2,21,TRUE
Zip1.m4,NA,bZIP,Schizosaccharomyces pombe,DNA,PCM,22.8210531287861,4,0,NA,ACAATTKYGRGWTNT,+-,1,NA,NA,Zip1,15,7,ACAATTGCGGGTTGT,20.9242,0.69897,5.0e+000,-1,-1,4,0,-8.12521,7.5e-09,-1,-1,no,48.6,4,1,2698,247,94,52,18,1136,47,20,15,8,217,0.190283400809717,0.212765957446809,0.288461538461538,0.444444444444444,0.191021126760563,0.996138007866641,1.11383409375135,1.51010013003945,2.32666996217425,TRUE,0.346153846153846,2698,5,2,9,FALSE
Zip1.m5,NA,bZIP,Schizosaccharomyces pombe,DNA,PCM,20.5661656266226,4,0,NA,CAWTTGTGCMGT,+-,1,NA,NA,Zip1,12,6,CAATTGTGCAGT,19.7007,0.69897,5.0e+000,-1,-1,4,1,-7.42897,3.7e-08,-1,-1,no,38.4,4,1,2447,247,94,52,18,1136,35,17,11,8,230,0.1417004048583,0.180851063829787,0.211538461538462,0.444444444444444,0.202464788732394,0.699878264597042,0.893247520788933,1.04481583216047,2.19516317905877,TRUE,0.346153846153846,2447,2,1,10,FALSE
SPAC11D3.17.m1,NA,COG5048,Schizosaccharomyces pombe,DNA,PCM,16.144684398497,13,0,NA,GAGCTCCKCC,+-,1,NA,NA,SPAC11D3.17,10,10,GAGCTCCTCC,15.0655,0.69897,5.0e+000,-1,-1,13,14,-18.0799,8.3e-19,-1,-1,no,7.5,12,2,2600,247,94,137,25,1129,27,26,23,16,220,0.109311740890688,0.276595744680851,0.167883211678832,0.64,0.194862710363153,0.560970232409976,1.41943691909272,0.861546828631963,3.28435191348495,TRUE,0.182481751824818,2600,4,4,24,TRUE
SPAC11D3.17.m3,NA,COG5048,Schizosaccharomyces pombe,DNA,PCM,15.5072320513712,8,0,NA,GAGCTCMCA,+-,1,NA,NA,SPAC11D3.17,9,6,GAGCTCCCA,14.0336,0.69897,5.0e+000,-1,-1,8,16,-9.31762,4.8e-10,-1,-1,no,15.2,7,2,2286,247,94,137,25,1129,25,19,21,14,195,0.101214574898785,0.202127659574468,0.153284671532847,0.56,0.172719220549159,0.58600883311157,1.17026633553273,0.887479595877539,3.2422434282419,TRUE,0.182481751824818,2286,5,2,21,FALSE
SPAC3F10.12c.m1,NA,bHLH_SF,Schizosaccharomyces pombe,DNA,PCM,17.07313076919,19,0,NA,RRTCACGTGMMNKN,+-,1,NA,NA,SPAC3F10.12c,14,9,AATCACGTGACCTG,14.9249,0.69897,5.0e+000,-1,-1,19,8,-26.3735,4.2e-27,-1,0.0191158,no,10,19,2,1486,247,94,35,25,1129,34,20,22,20,136,0.137651821862348,0.212765957446809,0.628571428571429,0.8,0.120460584588131,1.14271136589308,1.76626397680454,5.21803221102042,6.64112964091644,TRUE,0.714285714285714,1486,2,0,30,TRUE
SPAC3H8.08c.m2,NA,Zn(II)2Cys6,Schizosaccharomyces pombe,DNA,PCM,16.7972973467996,14,0,NA,CCTCGGANWTKNMT,+-,1,NA,NA,SPAC3H8.08c,14,8,CCTCGGACTTGGAT,15.5065,0.69897,5.0e+000,-1,0.0334499,14,8,-15.2638,5.4e-16,-1,0.0334499,no,10.9,14,1,2156,247,94,132,59,1095,31,26,26,19,222,0.125506072874494,0.276595744680851,0.196969696969697,0.322033898305085,0.202739726027397,0.619052103313143,1.36428802491056,0.97153986191743,1.5884075420622,TRUE,0.446969696969697,2156,6,3,30,TRUE
SPBC16G5.17.m2,NA,Zn(II)2Cys6,Schizosaccharomyces pombe,DNA,PCM,16.0631959607171,12,0,NA,CCKCGGAACYG,+-,1,NA,NA,SPBC16G5.17,11,8,CCGCGGAACTG,15.5607,0.69897,5.0e+000,-1,0.0401913,12,10,-11.104,7.9e-12,-1,0.0401913,no,19.4,11,2,1942,247,94,91,66,1088,60,31,32,23,184,0.242914979757085,0.329787234042553,0.351648351648352,0.348484848484849,0.169117647058824,1.43636425658368,1.95004063583742,2.07930561037447,2.06059978923339,TRUE,0.725274725274725,1942,8,2,35,TRUE
SPBC56F2.05c.m4,NA,Zn(II)2Cys6,Schizosaccharomyces pombe,DNA,PCM,19.5703864315412,5,0,NA,ACCCCGCAATTMC,+-,1,NA,NA,SPBC56F2.05c,13,6,ACCCCGCAATTCC,19.8167,0.69897,5.0e+000,-1,-1,5,0,-9.83222,1.5e-10,-1,-1,no,42.5,5,1,2023,247,94,155,19,1135,25,25,17,7,194,0.101214574898785,0.265957446808511,0.109677419354839,0.368421052631579,0.170925110132159,0.592159821694453,1.55598490249894,0.64167153438428,2.15544630569735,TRUE,0.12258064516129,2023,11,1,11,TRUE
